Sentence, Probility
黑 太岁 ,0.01917808219178082
 那些 住 在 青岛 而且 经常 关注 本地 新闻 的 人 可能 听说 过 我要 提起 的 这件 事情 ,6.962009566395962e-39
 2013 年 8 月 14 日 ,8.932825756216821e-07
 市 南 区 大学 路 居委会 的 工作人员 在 进行 消防 安全 检查 的 时 意 外地 在 隆 口 路 5 号 大院 里 的 一座 小楼 中 发现 了 一具 已经 高度 腐烂 的 尸体 ,4.531010650523942e-74
 接到 报案 后 ,0.009623567921440262
 江苏 路 派出所 立刻 出动 警 力 封锁 了 现场 ,8.666022914244083e-16
 并 展开 了 详细 的 调查 取证 工作 ,5.033795682302154e-15
 此 案 的 初步 调查结果 全都 公布 在 了 几家 青岛 本地 的 报 纸上 ,2.3685417550046404e-28
 并 不难 查到 ,9.328891004283675e-05
 概括 地说 ,0.055999999999999994
 死者 名叫 劳 铭 昌 ,0.00024070175438596481
 69 岁 ,1.4
 是 那座 房子 的 住户 ,3.460315552493703e-11
 警方 在 进行 现场 勘 验 时 没有 发现 任何 暴力 入侵 的 痕迹 ,1.0908403221976844e-25
 财物 也 没有 丢失 ,2.5683229729104206e-06
 因此 初步 断定 系 自然 死亡 ,5.28471396485665e-09
 但 那些 有 机会 详细 阅读 调查 案卷 的 工作人员 ,2.045914734408002e-20
 或是 居住 在 隆 口 路 一带 ,2.752993349612903e-11
 听过 些 流言蜚语 的 人 ,1.9126521942747712e-05
 可能 会 发现 案件 中 还 存有 一些 古怪 的 地方 ,1.6103785040254395e-20
 根据 案卷 的 记录 ,3.742981772770014e-07
 死者 是 在 一楼 客厅 里 发现 的 ,4.9113430808497014e-12
 但 整个 小楼 里 都 充满 了 一种 令人作呕 的 恶臭 ,6.574871015683976e-22
 现场 的 情况 非常 骇人 ,7.811238101212395e-10
 尸体 几乎 腐烂 成 了 一滩 黑色 的 黏液 ,8.246390889487245e-16
 只能 依照 骨头 勉强 地 看出 个 人形 来 ,1.2031390784501534e-15
 照 常理 推断 ,0.020416666666666663
 这种 程度 的 腐烂 肯定 需要 花费 数 周到 数月 的 时间 ,2.045588468629628e-21
 但 附近 的 居民 们 在 接受 警方 问询 时 纷纷 表示 自己 在 尸体 被 发现 的 前 几天 还 曾 见过 劳 铭 昌 ,4.880771846403843e-51
 甚至 还 和 他 说 过 话 ,9.429858811929575e-14
 进一步 的 尸检 也 佐证 了 居民 的 证词 — — 尸体 上 没有 蝇 类 幼虫 滋生 的 迹象 ,2.5647804658116606e-38
 这 意味着 死者 的 真实 死亡 时间 要 比 看上去 短 得 多 ,5.683579496619732e-25
 鉴定 报告 指出 ,0.00055893536121673
 由于 尸体 的 状况 非常 糟糕 ,6.13023574558401e-12
 因此 无从 推断 确切 的 死因 ； 但 现场 收集 到 的 骨骼 上 没有 发现 外力 导致 的 创伤 ,9.299146602814184e-39
 因此 一定 程度 上 否定 了 暴力 致死 的 可能 ,7.513805739449398e-19
 法医 也 分析 了 从 尸体 上 采集 到 的 黑色 黏液 ,1.947741562586591e-25
 并且 确定 它们 是 体液 与 尸体 器官 液化 后 的 混合物 ,1.1931518882155857e-21
 但 却 不 像是 细菌 导致 的 软 组织 消 溶 ,4.8048014904510053e-20
 反而 更 像是 某种 快速 的 化学 或 生物 过程 导致 的 结果 — — 这 曾 让 官方 联想 到 了 恶性 疾病 ,8.123415876751094e-49
 并且 针对 当地 进行 了 一次 低调 的 传染病 排 查 — — 但 更加 严格 病理 检查 却 没有 揭露 任何 可能 导致 这种 现象 的 病原体 ,5.438920313851228e-55
 除开 尸体 的 谜团 外 ,3.726688793288545e-07
 附近 的 居民 也 反映 了 一些 奇怪 的 事情 ,5.942324323642064e-19
 例如 有 几位 居民 在 尸体 被 发现 的 前 两天 晚上 听见 劳 铭 昌 所 居住 的 楼 房里 传来 了 某种 尖锐 而 又 有 节奏 的 古怪 哨音 ； 还 有人 提到 在 事发 前 的 几个 月 里 ,2.6905261982845914e-79
 劳 铭 昌 曾经 和 一个 陌生 的 年轻人 有过 密切 来往 — — 但 民警 调 取 了 尸体 发现 前 那 几天 的 监控 录像 ,1.0891702594078018e-49
 却 没有 发现 任何 可疑 的 人 在 大院 附近 活动 ,8.292704393946547e-20
 然而 由于 缺少 实质性 的 线索 和 证据 ,1.4249813332502455e-16
 警方 最终 还是 搁置 了 调查 工作 ,9.633051036047675e-13
 将 之 定 为 非暴力 死亡 ,3.496995215940909e-11
 并 封存 了 案卷 ,3.052933007479463e-08
 说到底 ,1
 死者 只是 个 没有 子女 ,4.983720813994171e-10
 也 很少 与 邻居 来往 的 古怪 老头 ,1.2799214538815087e-15
 而 大多数 人 也 下意识 地 将 这桩 案件 当 一桩 不幸 的 悲剧 匆匆 略 过 了 ,1.8866710106399993e-30
 根据 警方 在 房间 里 找到 的 遗嘱 ,2.460127194353787e-17
 劳 铭 昌 收集 整理 的 藏书 ,1.973259448772792e-09
 笔记 以及 其他 所有 文件 全都 捐 献给 他 生前 工作 过 的 单位 — — 山东省 文物 考古 院 ； 而 余下 的 财物 则 在 变卖 后 捐赠 给 了 各个 文物 保护 基金会 ,6.112684032839817e-70
 由于 没有 找到 任何 法定 继承人 ,3.106847734455076e-11
 遗产 处理 得 非常 顺利 ,1.3283904022161304e-08
 事情 原本 此 就 该 结束 了 ,1.2287183873960634e-13
 但 这桩 案子 其实 还 牵扯 出 了 一系列 不 那么 直接 相关 的 后续 ,8.093695402404436e-29
 例如 ： 劳 铭 昌 的 日记 与 文件 在 被 移送 到 山东省 文物 考古 院 后 引起 了 一些 非常 激烈 的 争论 — — 但是 这些 争论 始终 被 局限 在 一个 很小 的 圈子 里 ,1.7766950981198783e-76
 而且 一直 不得要领 ； 2014 年 2 月 — — 劳 铭 昌 的 遗物 被 移交 给 考古 院 的 四个 月 后 — — 几个 山东省 文物 考古 院 的 研究员 还 曾 回到 了 劳 铭 昌 的 故居 ,1.0756474739700573e-78
 详细 检查 了 整座 房子 ,2.0546518831169036e-08
 然后 又 带走 几 箱 文件 ； 一个月 后 ,1.3938343339650356e-15
 青岛 市 公安局 调集 警 力 对 当地 — — 主要 是 信号 山 公园 那一 带 的 街区 — — 进行 了 一次 突然 的 搜捕 行动 ,4.1868728682763474e-51
 但 却 没有 公布 行动 的 原因 与 结果 ； 4 月初 ,3.0371347605841716e-25
 市 南 区 住 建 局 对 劳 铭 昌 的 故居 进行 了 一次 全面 检查 ,2.2152436250681987e-32
 认定 其 属于 危 房 ,1.1466668576982128e-06
 就此 撤销 了 房屋 的 交易 许可 ,6.05386249037813e-14
 并且 表示 在 得到 妥善 修葺 前 这座 房子 不能 再 用于 居住 ,1.1998037480102886e-25
 至于 这些 事情 背后 的 真相 ,3.830864755853814e-11
 读者 需要 做出 自己 的 判断 ,2.225592332042326e-12
 作为 一个 检查 了 所有 证据 ,1.0634850902260262e-12
 并且 深入 分析 过 笔记 内容 的 参与者 ,5.610141679812713e-17
 我 只能 从事 件 主角 所 留下 的 日记 与 文件 出发 ,3.6254148246425035e-25
 结合 自己 掌握 的 情况 与 推测 ,1.4030385299917825e-15
 对 整件 事情 做 一个 完整 的 叙述 ,1.1283883892200504e-16
 劳 铭 昌 祖籍 青岛 ,0.020008333333333326
 1942 年 9 月 20 日 出生 在 重庆 ,1.4809660789234636e-13
 是 家中 的 独子 ,1.873792442859487e-10
 他 的 父亲 名叫 劳 传 林 ,7.096542786442897e-11
 曾经 做过 唐 君 尧 的 副官 ； 母亲 名叫 陈 瑜 ,1.3424083283024872e-19
 身世 不详 ,0.27999999999999997
 只 知道 是 奉 天 人 ,7.376273676136412e-12
 1945 年 10 月 ,8.72773536895674e-05
 劳 铭 昌 三岁 的 时候 ,0.0001416659337115381
 他 的 父亲 劳 传 林 跟随 唐 君 尧 去 了 青岛 展开 日 军 受降 工作 ,1.8736082383125373e-28
 46 年 2 月 第 十一 战区 副 司令 长官 部 驻 青 办事处 撤销 后 ,6.800289522955287e-23
 劳 传 林 又 想 办法 调到 了 李 先 良 手下 做事 ,6.58374954543672e-22
 并且 找 机会 将 劳 铭 昌 与 妻子 陈 氏 也 都 接到 了 青岛 ,3.645365468248547e-30
 49 年 1 月 ,4.712977099236641e-05
 陈 氏 因为 意外 去世 ； 4 月 济南 战役 结束 后 ,9.208828971954117e-20
 劳 传 林带 着 6 岁 劳 铭 昌 悄悄 投诚 了解 放 军 ,7.154892230715911e-16
 而后 在 济南 定居 了 下来 ,2.3638689512439496e-10
 1963 年 劳 传 林 因 病 去世 ； 64 年 劳 铭 昌 下乡 插队 去 了 历 城 ,4.8147035553959835e-28
 并且 在 十年 动乱 期间 因为 家庭 成分 问题 在 吃 了 不少 苦头 ,4.7019887995778165e-28
 77 年 恢复 高考 后 ,1.4171322892893677e-06
 他 考 进 了 山东 大学 历史 系 ,1.1076073746952843e-16
 84 年 硕士 毕业 后 进入 了 山东省 文物 考古 院 ,5.579002873977852e-18
 然后 就 一直 工作 到 2007 年 退休 ,1.0709933606317201e-16
 为了 疗养 身体 ,0.002
 劳 铭 昌 于 2008 年 春天 搬到 了 青岛 ,1.194693450356213e-13
 在 鱼 山 路上 的 一栋 五 层 小楼 里 租 住 了 一套 房间 ,5.058849332450303e-28
 那栋 小楼 坐落 在 小 鱼 山西 北面 的 山坡 上 ,1.9364490708727317e-15
 紧邻 着 青岛 海洋 大学 ,5.036106561057351e-07
 我 曾 很多 次 路过 它 的 门前 ,3.5765417097369874e-17
 那 是 一块 非常 迷人 的 住处 ,3.679656788925801e-14
 周边 的 环境 宁静 而 祥和 ,7.49974571783511e-12
 鲜有 车辆 往来 ,0.006621621621621622
 小楼 门前 是从 小 鱼 山 山顶 一路 曲折 蜿蜒 下来 的 鱼 山路 ,1.9165078935832826e-20
 街 的 对面 则 是 大学 校园 那 覆盖 着 茂密 爬山虎 的 乳 黄色 围墙 ,3.7216381525575444e-29
 校园 里 那些 古朴 而 雅致 的 砖 红色 欧 式 屋顶 则 若 隐 若 现地 从 郁郁葱葱 的 围 墙上 露出 可爱 的 一角 ,6.497538024879944e-45
 惹 人 想要 一探 究竟 ,5.439205046929851e-06
 沿着 勉强 能够 容纳 两 车 并行 的 鱼 山路 走 下去 ,2.241412117092225e-21
 拐过 一个 小 弯 就 能 抵达 青岛 海洋 大学 的 正门 ,1.8356278829950602e-22
 正门 里 是 一片 茂盛 的 松柏 矮树 ,3.116122387327905e-14
 而 矮树 后面 则 耸立着 一座 修建 于 日 占 时期 的 仿 欧 式 建筑 — — 它 有着 刷 成 米 黄色 的 花岗岩 外墙 ,9.252096262439578e-49
 典型 的 欧 式 橘 红色 瓦 搭 屋顶 ,2.569757881508542e-13
 别致 的 弧形 楣 饰 ,8.21251789632105e-06
 以及 一座 高耸 在 正 当中 ,5.070233685421156e-12
 混杂 了 东西 方 建筑风格 的 平 顶 塔楼 ,5.543155358059155e-18
 经过 大学 校门 ,1.712807606263982e-05
 沿着 围墙 继续 走 下去 ,6.304871110333054e-08
 就会 来到 一个 岔路 口 ,9.193646198742237e-07
 从 岔路 往 南 ,2.2926389912388425e-06
 经过 几座 更加 现代化 的 大厦 就 能 抵达 人来人往 的 热闹 海滩 ； 而 向东 则 会 沿着 静 谧 的 街道 与 参天 的 美 桐 树 一 步步 走进 一个 充满 了 红色 复折式 屋顶 ,1.3923783074369848e-71
 精致 石砌 拱券 ,0.1633333333333333
 粗糙 花岗岩 外墙 以及 凹凸 砖 石 路面 的 古老 世界 ,3.1997169118161185e-14
 如同 时光 静止 ,0.0005164690382081686
 世界 始终 一尘 不变 一般 ,1.1357481581343644e-05
 然而 对于 劳 铭 昌 而言 ,1.0211589580010629e-06
 这些 让 人 恍惚 间 觉得 还 停留 在 上个世纪 初 的 风景 ,2.2201539752038655e-25
 还有 着 更深 的 触动 ,1.7078220811270495e-11
 他 记得 自己 的 父亲 曾 说 过 ,1.4734361250159713e-15
 他 的 祖父 名叫 劳 斯 惟 ,1.0822227749325418e-09
 就 出生 在 青岛 — — 当时 这座 城市 还是 德国人 的 租界 ,6.12504790102666e-27
 因此 这些 百年 前 见证 过 自己 祖辈 的 古老 建筑 激发 了 他 的 无穷 想象 ,4.1117876349433085e-34
 由于 始终 没有 娶 妻 生 子 ,1.8979284285993405e-11
 根 植 在 中国人 心底 的 家族 观念 逐渐 以 另 一种 形式 表现 了 出来 — — 他 开始 沉迷在 自己 的 家族 历史 里 ,3.369027586823863e-49
 并且 越来越 渴望 了解 与 自己 的 祖先 ,5.041941736271388e-16
 然而 这 并非 是 件 易 事 ,1.733142308028344e-13
 他 的 祖父 虽然 出生 在 青岛 ,3.569397881281192e-14
 但 早 在 五 六 岁 的 时候 就 被 曾祖父 送 去 了 东北 ,5.984474745313253e-30
 托 付给 了 生意 上 的 友人 ,1.2692757707447945e-13
 由于 兵荒马乱 加上 年纪 太小 ,2.6606826241134744e-05
 祖父 与 家族 的 联系 很快 就 断开 了 ,1.1435457749705705e-15
 因此 祖父 对 家族 里 的 长辈 没有 太 深刻 的 记忆 ,7.757217947820429e-24
 再 加上 他 的 祖父 过世 得 很少 ,2.710389455492363e-13
 所以 能 辗转 传递 给 劳 铭 昌 的 记忆 就 更 少 了 ,3.568652961905649e-23
 为此 劳 铭 昌 将 时间 都 花 在 了 青岛 市 档案馆 和 青岛 市 文物 保护 考古 研究所 里 ,3.294159931109961e-37
 试图 从 公众 的 记录 里 挖掘出 有关 自己 家族 的 信息 — — 08 年 9 月份 的 时候 ,6.67468443055944e-37
 他 甚至 还 利用 自己 在 山东省 考古 院 的 工作 经历 在 市 档案馆 里 谋 到 了 一份 修 裱 文书 的 兼职 ,3.4857618446766614e-51
 以便 自己 能够 接触 到 那些 还 没有 完成 分类 编排 ,2.3748837342798275e-22
 暂时 不能 供给 公众 查阅 的 历史 档案 ,2.570058407697718e-13
 这些 努力 并 没有 白费 ,2.074392954371605e-10
 劳 铭 昌 将 他 在 这段 时期 内 发现 的 所有 信息 都 详细 地 摘抄 了 下来 ,2.2123273083591132e-35
 并且 整理 编写 进 了 自己 的 笔记 里 — — 在 他 死后 ,3.0456801554442516e-25
 这些 笔记 又 一件 不 落地 送到 了 山东省 文物 考古 院 ,2.630319978923133e-22
 并 被 相关 的 工作人员 悉 数 整理 了 出来 ,1.0840775269448873e-17
 虽然 其中 的 大多数 都 记录 非常 繁复 和 琐碎 ,6.204579232627409e-21
 但 由于 它们 和 发生 在 劳 铭 昌 身上 事情 有着 莫大 的 联系 ,7.47120362238134e-28
 因此 我 仍 有 必要 对 这些 材料 进行 一个 大概 的 叙述 ,1.4271609832471615e-30
 按照 那些 文件 的 记录 ,6.540666781253809e-11
 早 在 清 代 中叶 的 时候 ,2.5369235320379985e-12
 劳 氏 曾 定居 在 浙江 盐 官 镇 ,2.846885983282414e-12
 以 经商 营生 ,0.00013398960896910035
 是 当地 的 望族 ,9.52396342740162e-10
 咸 丰 初年 的 时候 ,0.0002857128074854551
 家族 中 的 一支 — — 也 就是 劳 铭 昌 的 祖先 — — 举 家 迁移 了 山东 莱 州 府 即 墨 县 ,2.777607754938132e-41
 搬家 的 原因 并 没有 可靠 的 记载 ,8.00117208373203e-15
 依照 劳 家人 自己 的 说法 ,3.1609297874435086e-08
 劳 氏 在 江 浙 一带 结了 仇家 ,3.148205574468012e-09
 因而 被迫 背井离乡 ,0.0009306742640075973
 但 根据 劳 铭 昌 的 推断 ,5.763603807228348e-12
 事实 可能 并非如此 ,3.384094754653129e-05
 各式各样 的 文史 材料 里 都 曾 提到 这家 人 有 一个 非常 古怪 的 习惯 — — 家族 里 的 一些 成员 经常 会 在 傍晚 驾驶 两 三 艘 船 出海 ,5.234755232736889e-67
 而且 直到 数 天后 的 午夜 或 凌晨 才 会 归来 ,1.9962479132641352e-21
 虽然 他们 宣称 这 只是 为了 出海 打 渔 ,2.909495802859507e-17
 但 那些 船 回来 时 通常 没有 什么 渔 获 ,7.341896128274729e-19
 结合 清 代 中后 叶 沿海 地区 走私 猖獗 的 情况 来看 ,7.437923085499026e-20
 劳 铭 昌 觉得 自己 的 祖先 很 可能 涉足 了 这一 不太 光彩 的 行当 ,5.949709288688535e-26
 或许 他们 引起 了 官府 的 注意 ,7.080869190889977e-14
 抑或 在 同业 间 结 下 了 仇怨 ,4.824704736379131e-15
 才 不得已 从 浙江 举 家 搬迁 到 山东 ,9.781259073849685e-17
 不论 真相 如何 ,0.0008687943262411346
 这一 家人 很快 就 融入 了 当地 的 生活 ,6.2610809927678125e-15
 青岛 与 即 墨 的 许多 文史 材料 都 记载 了 与 劳 家人 有关 的 事迹 ,1.55952558572271e-34
 而 其中 最 令人 印象 深刻 的 就是 他们 超乎寻常 的 渊博 学识 ,3.145657431254415e-26
 按照 那些 材料 的 说法 ,1.5470098821748136e-10
 劳 家人 经常 会 在 与 他人 谈天说地 时 提起 一些 鲜为人知 的 前朝 旧事 ,4.8483732329326726e-26
 或者 神秘 隐晦 的 奇异 见闻 ,1.3877497346432923e-10
 引得 众人 纷纷 侧 目 ,0.0001693827160493827
 而 更让人 惊异 的 是 ,2.7142965299088054e-06
 能够 掌握 这种 渊博 的 学识 的 并非 只是 一 两位 杰出 才 俊 — — 在 这个 家族 里 ,2.6890362079037954e-40
 不论 老少 ,0.02978723404255319
 所有人 都 能够 轻松 自如 地 谈论 起 一些 常人 根本 无从 辨别 真伪 的 历史 与 奇 谭 ,1.385534101566642e-32
 劳 铭 昌 曾 特意 从 一个 名叫 周 豫 科 的 私塾 老师 所 留下 的 《 正 心 斋 杂记 》 里 特别 摘录 了 一件 事情 ： 一个 名叫 劳 衡 才 的 十岁 孩童 有 一天 在 街头 与 一个 说 书 先生 争辩 明 将 戚 继 光 的 轶 事 ,1.021797269412974e-104
 最后 竟 将 那个 远近闻名 的 说 书 先生 辩驳 得 哑口无言 — — 而 按照 辈分 来说 ,1.0010866346063205e-33
 这个 劳 衡 才 就是 劳 铭 昌 上 六 辈 的 先人 ,3.004164356616873e-21
 类 似的 故事 频频 出 现在 各个 年代 的 各种 材料 里 — — 从 咸 丰 年间 的 文人 随笔 到 德国 占领 青岛 后 的 报纸 都 屡见不鲜 — — 唯一 更换 的 只有 故事 的 主角 而已 ,3.440043352348166e-76
 似乎 这种 渊博 的 学识 是 一种 写 进 了 基因 的 特征 ,1.2147436072154074e-28
 能够 在 这个 家族 里 代代相传 下去 ,5.563344468096034e-12
 许多 人 都 想要 了解 他们 博学 的 秘密 ,8.925524250728906e-18
 但 面对 此类 的 问题 时 ,1.90866278768071e-11
 劳 家 成员 的 反应 却 颇为 古怪 ,6.103527021133119e-15
 他们 始终 坚 称 这 世上 流传 着 一种 长生不死 的 方法 ,3.2628677378857446e-21
 而 所有 这些 学识 都 是 那些 长生不死 的 先人 传授给 他们 的 ,2.0195372995544396e-22
 人们 都 以为 这 只是 些 玩 笑话 ,2.074760065639818e-15
 但 劳 家 的 成员 却 表现 得 相当 认真 ,2.290963128107639e-20
 他们 甚至 会 在 谈到 兴起 时 神秘 地 暗示 劳 家 一直 保守 着 长生 的 秘密 ,9.643102573900259e-36
 而且 他们 家族 的 每 一 个人 都 是 长生不死 的 ,2.6663578037197932e-20
 当然 这 只是 劳 家人 的 一厢情愿 的 想法 而已 ,3.104988574814275e-19
 他们 并非 长生不死 ,1.2239902080783353e-05
 甚至 都 算不上 长寿 ,1.3973858428110674e-05
 因此 每当 劳 家中 有人 故 亡 ,3.325089641108845e-10
 一些 刻薄 的 好事之徒 拿来 当作 玩笑 ,1.6510536786716164e-09
 而 为了 维护 面子 ,4.8027444253859334e-08
 劳 家 的 成员 们 也 不会 举办 丧事 ,2.902336904916277e-17
 只是 安置 一口 棺材 ,1.3929499675113704e-05
 遮遮掩掩 地 下葬 了事 ,0.0009104180491041803
 也 有些 人 颇为 相信 劳 家 的 说辞 — — 而且 其中 的 大部分 都 是 形迹 可疑 的 外乡人 — — 他们 经常 会聚 集 在 劳 家 的 府邸 ,1.5502470204532673e-62
 举行 神秘莫测 的 仪式 ,1.904003416980568e-07
 或者 探讨 长生不死 的 方法 ,2.6628934908183857e-08
 这些 活动 自然 引来 了 不少 的 非议 ,3.4609676739481082e-18
 但 那 全都 是 些 没有 根据 的 坊间 传说 ,3.0469739900680633e-21
 而且 多半 自相矛盾 莫衷一是 ,0.00041613588110403385
 1898 年 年初 ,0.000748091603053435
 饱受 非议 的 劳 家 从 即 墨 县 迁 到 了 胶 澳 港 ,2.434599829976316e-26
 不过 这次 搬家 主要 还是 生意 上 的 缘故 ,7.271284771175518e-17
 因为 在 1897 年 11 月 德国 强占 胶 澳 后 ,3.5497749806533476e-16
 当时 的 大 当家 — — 劳 铭 昌 的 曾祖父 — — 劳 格 林 在 胶 澳 做 起 了 行栈 与 买办 的 行当 ,1.2599185842904998e-46
 而且 还 成 了 非常 有名 的 德语 翻译 ,3.2607714972650365e-17
 关于 自己 的 曾祖父 ,3.105744549604691e-08
 劳 铭 昌 有着 较为 详细 的 研究 ,1.9343783112198062e-09
 这 一方面 是因为 劳 格 林 在 青岛 有着 众多 生意 伙伴 与 广泛 的 关系网 ,4.1072956383121653e-32
 因而 在 各式各样 的 档案 记录 里 都 能 看见 他 的 名字 ； 另一方面 则 是因为 他 的 经历 与 后来 发生 在 劳 铭 昌 身上 的 事情 本身 就 有着 千丝万缕 的 关系 ,1.2626491836586434e-69
 在 检查 劳 铭 昌 留下来 的 文件 时 ,1.331353780068839e-13
 我 曾见 过 一张 劳 格 林 的 黑白 照片 ,4.441614240668835e-18
 照片 拍摄 的 时间 已经 不可 考 了 ,3.474240806020655e-14
 但 那里 面 的 劳 格 林 看起来 大约 四 五十岁 的 样子 ,1.5760213673454184e-24
 穿着 浅 色 的 长袍 与 深色 的 马褂 ,1.2859854705332225e-16
 留着 辫子 ,0.7
 头戴 一 顶 瓜皮帽 ,2.6946460603785767e-05
 脸上 流露 着 那个 时代 的 中国人 在 面对 照相机 时常 有的 局促 与 迷茫 ,1.315808972825109e-26
 由于 年代久远 ,0.0037234042553191487
 影像 并 不算 清晰 ,2.9930191972076785e-05
 但 照片 里 那 个人 依然 给 了 我 一种 很 难以 说 清楚 的 奇怪 感觉 ,9.893933753238663e-39
 就 好像 那 是 某些 早已 被 淡忘 ,1.0159194506226744e-15
 而且 最好 不要 再 提起 的 事物 ,6.586380154464653e-14
 劳 格 林 在 青岛 河 附近 购置 了 一座 小 院 ,1.9604736245523257e-21
 然后 陆陆续续 地 将 全家 二十多 口 人 全都 接到 了 新家 ,6.007171765249786e-21
 开始 了 新 的 生活 ,8.16251969437715e-08
 但 这次 搬家 并 没有 改变 劳 家 一贯 的 举动 ,3.447773123076151e-20
 在 1898 年 到 1905 年间 ,3.902229756505537e-11
 负责 治安 的 德 军 巡 防 队 经常 于 午夜 时分 在 码头 上 抓住 行迹 鬼祟 ,5.7329733809544956e-34
 试图 驾驶 渔船 偷偷 出海 的 劳 家 成员 ,1.8764819494126928e-14
 仅 记录 在 卷 的 档案 就 多 达 八 份 ,3.461229805070186e-26
 德国人 也 怀疑 劳 家 在 参与 走私 活动 ,1.9627542504639662e-16
 然而 他们 从未 在 那些 渔船 里 发现 任何 值钱 的 物件 ,6.117689737155981e-25
 也 没有 找到 走私 船上 常 有的 夹层 ,3.384780313311819e-14
 因此 德国 方面 虽然 经常 扣押 渔船 和 船上 的 乘员 ,2.0889515298228854e-23
 但 只要 劳 格 林 缴纳 罚金 出面 担保 ,5.225715680489822e-11
 也 没有 惹 出 太大 的 麻烦 ,1.4298921293282216e-13
 另一方面 ,1
 前往 劳 家 探讨 长生 之 术 的 人 也 有 了 明显 的 增加 ,5.461520124717998e-27
 俨 然 发展 成 了 一个 颇 具 规模 的 秘密 团体 ,8.595007231341558e-19
 在 1903 到 04 年 的 时候 ,4.800562894192653e-12
 这个 团体 甚至 打 出 了 一个 “ 长生 道 ” 的 名号 ,9.147269531437767e-27
 成 为了 半 公开 的 教派 ,2.872276560823064e-13
 在 这 一系列 事情 中 ,3.3954037966389117e-09
 最 让 劳 铭 昌 感兴趣 的 是 曾祖父 劳 格 林 的 态度 ,5.554370570800838e-22
 或许 是 为了 顾及 生意 伙伴 — — 尤其 是 那些 虔诚 的 德国 基督徒 们 — — 的 感受 ,1.5972783367958933e-36
 劳 格 林 一直 尽力 与 家族 的 其他 成员 以及 整个 “ 长生 道 ” 保持 适当 的 界线 ,9.486955193369092e-43
 并且 经常 出入 商 馆 与 行会 ,7.495385373753317e-11
 广 施 善 举 ,9.956458635703917e-05
 一直 试图 树立 良好 的 形象 ,3.1039602311312415e-10
 1903 年 的 夏天 ,2.1340520098245077e-06
 他 还 与 另 几个 商人 出 资 在 青岛 河上 修 了 一座 石桥 ,1.86502981204963e-29
 以 方便 港口 货物 与 码头 工人 的 往来 — — 这座 桥 在 抗日战争 期间 被 炸毁 了 ,1.0704527829352921e-36
 不过 桥 上 的 功德 碑 却 被 当时 的 一个 德国 记者 拍摄 了 下来 ,2.032488758400736e-31
 照片 里 还 看 得到 劳 格 林 的 名字 ,4.8683833241077224e-20
 到 了 1904 年 ,8.076920812704413e-06
 他 的 行栈 生意 已经 在 青岛 港 内 占据 了 相当 的 份额 ,7.148900788435118e-29
 而 他 本人 也 在 青岛 市 中华 商务 公 局 里 兼任 了 董事 的 职务 ,1.0287841626571878e-34
 但 在 私 底下 ,1.361554026276285e-07
 劳 格 林 似乎 也 涉足 了 某些 神秘 的 活动 ,2.0106516227949482e-19
 有些 当时 留下 的 书信 显示 ,3.226151403097904e-11
 劳 格 林 似乎 经常 委托 自己 的 生意 伙伴 在 国外 搜罗 特别 罕见 的 神秘 著作 ,1.8286539908243732e-31
 或是 购买 一些 神秘 的 物件 ,6.508865942697553e-12
 另 一件 值得一提 的 事情 发生 在 1902 年 ,2.658802993313644e-14
 那年 秋天 ,0.09999999999999999
 劳 格 林 买下 了 自家 小 院 周围 的 地产 ,3.9801179262514333e-19
 并且 找 来 了 一群 外地 工人 对 院子 进行 了 扩建 ,7.493295860231962e-23
 这项 工程 持续 了 将近 三年 半 的 时间 ,5.328371548545217e-16
 等到 1906 年 开春 的 时候 ,5.767569820317072e-08
 那 几 间 平房 已经 变成 了 一座 高墙 大院 ,6.032742946916822e-18
 院子 里 总 共有 三 座 欧 式 风格 的 小楼 ,4.4907402133162044e-21
 但 整体 的 布局 却是 按照 传统 的 三 合 院 形式 修建 的 — — 从 院 门 进去 就是 宽敞 的 庭院 ,8.285137386976876e-51
 庭院 的 北面 是 一座 两层 高 的 主楼 ,4.076407072329521e-17
 两侧 则 是 两座 单 层 的 厢 房 ,3.025003179418417e-14
 组合 成 一个 “ 凹 ” 字形 的 结构 ,8.538921167806837e-18
 三 座 建筑 都 是 用 的 都 是 崂 山 采 的 花岗岩 ,5.121292553269198e-28
 而且 据说 还 得到 了 德国 设计师 的 参考 ,6.049163022342771e-20
 但 很多 人 都 觉得 那座 院子 的 院墙 修建 得 太 高大 了 ,8.40353409994328e-26
 将 整座 宅子 围 得 密不透风 ,2.208648603783736e-09
 就 好像 要 提防 外人 窥视 一样 ,2.4955015894772712e-09
 还有 少数几个 与 劳 格 林 熟识 的 人 在 书信 里 提到 了 一个 很难 引起 外人 注意 但 却 非常 奇怪 的 现象 — — 劳 格 林 为了 新 建 大院 而 开 挖 的 土方 似乎 太 多 了 一点 ,1.2928103092255924e-83
 根据 他们 的 观察 ,6.113951400704066e-08
 劳 格 林 肯定 在 院子 里 挖 了 一个 很大 的 地窖 ,1.4558280664750261e-25
 因为 工人 们 运走 的 泥土 似乎 远远 超过 了 修建 三 座 小楼 所 需要 开 挖 的 地基 土方 ,1.4991593047294566e-40
 但 这件 事情 并 没有 得到 任何 的 证实 ,4.621636883851308e-19
 那些 院墙 太过 高大 ,0.0002831785345717234
 因而 在 施工 期间 没有 人能 窥见 院子 里 发生 了 什么 事 请 ； 二来 ,9.775941003785105e-30
 劳 格 林 在 大院 完工 后 就 立刻 遣 走 了 那些 从 外地 雇 来 的 工人 ,2.1018320617616754e-33
 所以 其他人 根本 无从 打探 ,2.0433346949891057e-07
 然而 新 居 的 落成 似乎 标志 着 劳 家 内部 出现 了 新 的 转变 ,1.3104508890674973e-32
 一方面 ,1
 劳 家 成员 夜间 出海 的 鬼祟 活动 突然 停止 了 ,2.1770712702514984e-18
 虽然 坊间 仍然 流传 着 过去 的 故事 ,4.176211411035456e-13
 但 1906 年 往后 的 租界 政府 档案 里 却 再也 看不到 任何 巡 防 队 截获 劳 家 渔船 的 记录 了 ,6.960197369179934e-40
 另一方面 ,1
 “ 长生 道 ” 在 这段 时间 里 也 得到 了 蓬勃 的 发展 ,1.0480102027599236e-28
 甚至 将 劳 家 的 新 居 变成 了 一个 主要 的 活动 场所 ,4.885709204823006e-29
 而且 吸引 了 不少 青岛 地区 的 居民 也 投身 进 了 他们 的 活动 中 ,1.6441689366854266e-30
 许多 附近 居民 和 晚上 打 更 的 人 都 声称 自己 在 夜深 的 时候 看到 有 形迹 可疑 的 人 出入 劳 家 的 院子 ,5.549101068807266e-57
 或是 听到 那些 刻意 加高 的 院墙 后面 传来 奇怪 的 声音 — — 那 像是 一大 群 人 发出 的 ,9.185774594217822e-35
 没有 内容 的 狂野 呼喊 ,6.586693852566571e-10
 还有 一些 杂乱 的 ,8.985722394446141e-06
 带有 旋律 的 哨声 和 其他 乐器 的 声音 ,1.0284732596372362e-16
 让 人 不祥 地 联想 到 某些 流传 在 沿海 地区 偏僻 村庄 里 的 古老 请 神 仪式 ,7.184886977021921e-36
 即便 在 白天 的 时候 ,4.878211112101462e-09
 人们 也 经常 会 在 劳 家 大院 的 周围 闻到 奇怪 的 臭味 ,1.321888506129741e-29
 或者 看到 工人 抬 着 密封 的 箱子 出入 大院 — — 至于 箱子 里 是 什么 ,3.2737505260649647e-29
 就 连 搬运 的 工人 也 不 知道 ,1.3197480118282209e-14
 而 在 这种 情势 下 ,7.053375023628349e-08
 作为 劳 家 的 一家 之主 ,1.3780233214279634e-11
 劳 格 林 似乎 也 丧失 了 控制 事态 的 能力 ,2.6204369498083806e-20
 许多 与 劳 格 林 有 来往 的 德国 商人 纷纷 表达 了 自己 的 意见 ,9.655301068342183e-31
 公开 或 含蓄 地 提醒 自己 的 生意 伙伴 应当 制止 那些 发生 劳 家 大院 里 ,5.707869780174462e-31
 令人不安 的 古怪 活动 ,2.2052948164127423e-06
 虽然 劳 格 林 也 全都 答应 了 下来 ,3.2678221658483804e-15
 但 那些 午夜 里 的 古怪 声响 并 没有 就此 消失 ,5.735535964224865e-20
 那些 徘徊 在 院子 周围 ,7.780064332048264e-09
 形迹 鬼祟 的 外地人 也 不见 减少 ,6.186592859592119e-10
 在 1907 年 年底 到 1909 年 年初 的 那段 时 间里 ,1.3627613703142283e-24
 几个 青岛 本地 的 “ 长生 道 ” 信徒 神秘 失踪 的 案子 又 给 劳 格 林 的 生意 带来 了 致命 的 打击 ,3.440448612272235e-49
 即便 租界 政府 与 巡捕 局 并 没有 发现 失踪 案 与 劳 家 — — 或者 “ 长生 道 ” — — 有 什么 明显 联系 ,1.7590822962104653e-50
 但 许多 没什么 见识 的 居民 都 相信 这是 劳 家 与 “ 长生 道 ” 的 信徒 正在 举行 某些 神秘 的 祭祀 ； 而 另 一些 开明 的 知识分子 则 将 民间 的 流言 与 劳 家 大院 里 发生 的 事情 斥 为 愚昧无知 的 迷信 ,1.6684956574922318e-104
 1908 年 的 时候 ,0.00036812397169472754
 更 有 几个 知识分子 还 在 《 胶州 报 》 的 《 论 说 》 专栏 里 发表文章 指责 劳 格 林 等 人 “ 夜 聚 晓 散 ,6.5152786812755535e-53
 妄 求 长生 之 术 ,7.11747464529349e-06
 实则 诳 诱 愚民 ,0.6859999999999998
 谋财害命 也 ,1.4
 多方 影响 之下 ,0.00012974976830398518
 劳 格 林 的 行栈 生意 自然 一落千丈 ,1.3545723039135796e-12
 许多 原来 的 友人 也 刻意 地 与 他 疏远 了 关系 ,2.5412445881131868e-26
 而 那些 迷信 的 居民 们 更 对 整个 劳 家 怒 目 相 向 ,4.134521658992106e-29
 在 仅存 的 几个 还 与 劳 格 林 保持 来往 的 朋友 看来 ,8.94589594516637e-29
 这个 让 人 琢磨不透 的 商人 似乎 不再 关注 公众 们 的 看法 了 ,1.525175903769844e-27
 在 那段 时 间里 ,1.5590613814132304e-07
 他 变得 越来越 焦躁 和 恐惧 ,7.564042655812217e-12
 但 却 绝口 不提 与 劳 家 或是 他 自己 有关 的 任何 事情 ,6.596833790408175e-26
 越来越 多 的 钱 被 花 在 了 一些 看起来 毫无意义 的 事情 上 ,2.5654301794522052e-27
 像是 从 国内 和 海外 搜罗 神秘 的 古籍 ,1.0423591785176728e-17
 或是 会见 某些 奇 人 异 士 ,1.4414940405508416e-11
 而 那些 真正 应该 关注 的 生意 则 全都 被 抛 到 了 一边 ,4.404284558948605e-30
 1909 年 年初 ,0.000748091603053435
 刚 过 春节 ,0.0008156329651656753
 劳 格 林 又 做 了 一件 令 所有人 都 困惑 的 事情 ,4.598506084914943e-23
 他 将 自己 最 宠爱 的 小 儿子 — — 也 就是 劳 铭 昌 的 祖父 — — 年 仅 五 岁 的 劳 斯 惟 送 去 了 东北 ,1.0032473680785079e-56
 托 付给 了 奉 天府 的 药材 商人 王 志 承 ,1.928413466243599e-18
 虽然 劳 格 林 对外 宣称 这是 为了 让 劳 斯 惟 从小 跟随 王 志 承 长大 ,4.941832440516363e-24
 学习 药材 经营 的 门道 ,3.510917120657101e-10
 但 这个 借口 即便 在 今日 看来 也 站 不住 脚 ,1.0748941488544616e-22
 因为 不论是 开始 学习 接管 生意 的 长子 劳 斯 明 ,1.2567702179627916e-17
 还是 已经 年 满 十六 岁 的 次子 劳 斯 德 ,2.9786012015836325e-18
 都 比 一个 五 岁 大 的 孩子 更 适合 学习 经营 药材 生意 ,1.1199508449510645e-30
 对于 这种 毫无道理 的 安排 ,9.331495421515074e-10
 喜欢 议论 的 闲 人们 纷纷 给出 了 自己 的 看法 ,3.9722096287176046e-19
 多数 人 觉得 这 和 劳 斯 惟 的 身份 有关 — — 因为 劳 斯 惟 是 小 妾 的 儿子 ,1.4051668985271013e-38
 而 他 的 母亲 在 生 他 的 时候 难产 死 了 ,2.697981341411747e-22
 所以 正 妻 一直 想 将 他 送走 ； 也 有人 觉得 劳 格 林 只是 找个 借口 让 他 出去 避 一 避 而已 ,4.047370585980458e-44
 可是 没有 人 料到 ,1.0286255391587246e-07
 这件 事 只是 一桩 更大 变故 的 序曲 ,7.723633565111052e-12
 对于 劳 家 在 1909 年 之后 的 历史 ,1.9341974824942897e-16
 劳 铭 昌 起初 了解 得 并不多 ,6.264856862912155e-08
 他 只是 注意 到 了 一个 奇特 的 现象 — — 在 青岛 档案馆 里 收藏 的 1909 年 之后 的 历史 材料 里 几乎 找 不到 任何 与 劳 格 林 ,1.4017437531092934e-62
 乃至 整个 劳 家 ,0.00010402871151999189
 直接 有关 的 记录 ,2.7374831530807415e-08
 就 好像 这家 人 突然 凭空 消失 了 一般 ,2.868976425480872e-16
 而 经过 进一步 的 发掘 后 ,4.849105550152218e-14
 他 又 在 收养 了 祖父 劳 斯 惟 的 药材 商人 王 志 承 1910 年 写 给 另 一个 生意 伙伴 的 书信 里 找到 了 这样 一句 带有 不祥 蕴意 的话 ： ,3.942411609004055e-61
 “ 兴 长 之事 ,2.5786805816180214e-08
 君 必 有所 耳闻 ,0.00010029239766081868
 那日 兴 长 将 斯 惟 托付 于 我 ,2.412839260593939e-11
 怕 是 料到 有 此 一 劫 ,1.0047014455982655e-15
 这里 提到 的 “ 兴 长 ” 就是 劳 格 林 的 字 ,1.8511599447788805e-27
 但 信里 并 没有 就 劳 家 发生 的 事情 做 详细 说明 ,1.786910881722862e-25
 再 后来 他 又 在 别的 地方 看到 了 一些 隐约 提及 1909 年 变故 的 内容 ,2.3328410656130984e-31
 但 都 非常 简略 ,7.252104557815162e-08
 一笔 带 过 ,0.00630225080385852
 仿佛 知情者 全都 有所 忌讳 一般 ,8.707557006210612e-07
 这 让 整件 事情 变得 扑朔迷离 起来 ,2.5375010676800595e-10
 虽然 劳 铭 昌 对 这个 谜团 很感兴趣 ,6.29942746204416e-11
 并且 认为 祖父 肯定 因为 1909 年 发生 的 事情 而 失去 了 与 家族 的 联系 ,2.7861699976979234e-34
 然而 由于 缺乏 详细 的 材料 ,3.1067899786104766e-11
 相关 的 研究 一直 在 死胡同 里 打转 ,5.998058642187572e-16
 直到 2010 年 ,0.009074074074074073
 一件 意料 之外 的 事情 给 他 带来 了 全新 的 线索 ,2.9184719329168275e-21
 由于 有着 专业 的 文史 研究 背景 ,1.893492742308435e-14
 而且 经常 在 档案馆 里 协助 工作人员 整理 修 裱 文书 ,5.581368851499547e-17
 劳 铭 昌 以及 他 的 研究 工作 在 青岛 地区 的 历史 爱好者 圈子 里 一直 小 有名气 ,1.3159504158849645e-33
 2010 年 春天 ,0.0004363867684478371
 青岛 市 文物 保护 考古 研究所 举办 学术 研讨会 的 时候 还 特意 邀请 劳 铭 昌 做 了 一个 有关 德 占 时期 青岛 地区 商业 文化 发展 的 报告 ,2.181769870059657e-57
 在 这次 会议 上 ,6.27078190431659e-06
 劳 铭 昌 认识 了 来自 青岛 海洋 大学 的 博士 研究生 罗 广 胜 ,1.5027627985614139e-24
 这个 年轻人 的 广博 学识 给 劳 铭 昌 留下 了 非常 深刻 的 印象 ,3.868743314828591e-25
 也 让 他们 很快 成 为了 志同道合 的 好友 ,1.0533340926732223e-18
 当时 罗 广 胜 正在 从事 有关 民间 宗教信仰 的 研究 ,2.6313540624628388e-20
 因此 他们 谈论 的 话题 主要 围绕 着 秘密 教派 “ 长生 道 ” 展开 ,1.978272552857808e-32
 在 研读 过 罗 广 胜 收集 的 材料 后 ,2.550754311547385e-20
 劳 铭 昌 意识 到 “ 长生 道 ” 的 历史 可能 比 他 想象 的 要 久远 得 多 ,2.5842352993251682e-36
 这 很 是 一个 在 中国 沿海 地区 流传 了 数百 乃至 上千年 的 密 教 团体 ,3.511368206228176e-35
 并且 有着 超乎寻常 的 生命力 ,8.02987540617957e-09
 在 两 晋 时期 候 ,2.905027800477583e-10
 它 被 称 做 “ 服 食 教 ” ； 在 唐 朝 的 时候 ,1.0392231283995082e-30
 它 又 变成 了 “ 金 丹 教 ” ； 甚至 当 蒙古 南下 灭 宋 ,9.560728483608348e-29
 建立 元 朝 后 ,5.7207784761964306e-08
 它 不仅 化身 为 萨满 崇拜 的 分支 存活 了 下来 ,3.5543351700199103e-19
 而且 远 播 到 了 朝鲜 半岛 ,6.2832064288427105e-12
 所谓 的 “ 长生 道 ” 只是 它 最近 的 名字 而已 ,3.0722336909932143e-25
 虽然 咋 看 之下 ,9.461938456021293e-07
 这些 密 教 团体 似乎 没 有太多 的 联系 ,3.6690239556150633e-16
 但 它们 在 解释 长生不死 这件 事情 上 却 出奇 的 一致 ,1.618883524989726e-23
 它们 相信 世间 的 一切 活物 都 是 神明 用 泥 和 水 做成 的 ,2.467482238335145e-28
 因此 万物 在 诞生 之初 也 如同 泥土 一般 没有 固定 的 形状 ,7.431155503557874e-26
 直到 怀 胎 发育 ,0.0004270152505446622
 才 渐渐 有 了 各种 的 形状 ； 一朝 分娩 临盆 ,2.9184809473914056e-21
 活物 就 好像 出 窑 的 瓷 胎 ,3.1969781212919525e-14
 再 没有 了 变化 的 余地 ； 然而 ,9.775080067604782e-19
 瓷器 虽然 坚硬 ,0.0019329388560157786
 却 禁 不起 磕碰 ,0.0008705583756345176
 终 有 一天 会 粉身碎骨 ,2.484719425414066e-09
 所以 人和 其他 活物 也 免不了 一死 ,8.689594556000903e-10
 只有 追 本 溯源 ,8.357211079274113e-07
 回复 到 最初 的 模样 ,5.075656460740494e-09
 像是 泥土 一样 容易 改变 ,4.860119250039674e-08
 才能 修复 破损 ,0.002592592592592592
 获得 真正 的 长生 ,1.8650071327828747e-08
 而 另 一件 值得注意 的 事情 是 ,9.847693181977754e-12
 它们 都 提到 一种 在 古书 中 被 称为 “ 太岁 ” 的 东西 ,7.004207823306775e-27
 并且 也 都 隐晦 地 暗示 “ 太岁 ” 才是 长生不死 的 关键 所在 ,9.291635261302448e-26
 虽然 这些 故事 非常 离奇 有趣 ,4.268035309224768e-11
 但 在 所有 材料 里 真正 引起 劳 铭 昌 注意 的 还是 罗 广 胜 手中 一本 叫做 《 驳 伪 详 辩 》 的 小册子 ,1.8562179612671807e-45
 这 本书 是 清 末 民 初 的 胶州 知 州 王 育 楩 编写 的 ,7.550242326389278e-27
 此人 为了 查禁 邪教 ,0.00012727272727272725
 曾 亲自 研究 了 当时 流传 在 山东 半岛 地区 大大小小 数十种 邪教 ,1.0538927648105365e-23
 并 它们 的 各种 “ 妖言 ” 一一 摘 出 ,2.7253158442588705e-20
 并 加以 辩驳 ,1.3682373472949392e-05
 以 期 能够 警醒 世人 ,1.4272806172795473e-08
 而 这 当中 自然 也 包括 了 一直 在 胶州 湾 地区 发展 的 “ 长生 道 ” ,5.966742514916293e-34
 但 让 劳 铭 昌 感兴趣 的 并 不是 书中 对于 “ 长生 道 ” 的 记载 ,1.9671842559747577e-32
 而是 王 育 楩 在 驳斥 “ 长生 道 ” 妖言惑众 时 曾 写 进 了 这样 一句话 ,2.4033803451293556e-34
 “ 吾 闻 己 酉 年 八月 ,1.748331406242251e-10
 青岛 劳 府 二十 余 人 暴 毙 而 亡 ,7.38495359977602e-12
 岂 长生 邪 ？ ” ,0.0010124054523605933
 这 也是 劳 铭 昌 第一次 见到 有关 劳 家 变故 的 直接 记载 ,1.6329427398058667e-20
 虽然 王 育 楩 也 在 文章 中 表示 劳 家 的 事情 只 听说 众 口 交 传 ,1.0757952865994105e-35
 没有 详细 考究 ,2.9445345832582176e-05
 但 考虑 到 《 驳 伪 详 辩 》 的 成书 时间 ,4.4161764733340814e-17
 以及 王 育 楩 在 胶州 湾 地区 生活 了 三十余年 的 事实 ,7.295364796193573e-24
 这一 说法 仍然 有着 相当 可信度 ,1.4153277311172043e-09
 劳 铭 昌 将 这个 发现 告诉 了 罗 广 胜 ,1.9997856301626605e-19
 而 后者 又 提出 了 一个 非常 吸 引人 的 想法 ： “ 劳 府 二十 余 人 暴 毙 ” 这样 重大 的 事情 不 可能 没有 留下 任何 相关 的 文字 记录 — — 即使 民间 可能 会 因为 某种 忌讳 而 刻意 掩盖 下去 ,6.252648125234034e-85
 但 德国 殖民 政府 的 档案 里 必然 也 会 提及 — — 如果 青岛 市 存留 的 历史 文件 里 没有 相关 的 记载 ,2.5061409400638513e-51
 那么 很 可能 是 那 部分 文件 在 德国 撤离 青岛 时 一并 带走 了 ,2.895489362362244e-27
 也 正是 这个 意见 让 劳 铭 昌 看到 了 全新 的 可能 ,2.1051179054226203e-23
 由于 2010 年 恰好 是 青岛 与 德国 曼 海 姆 市 正式 缔结 友好 合作 关系 的 第 十五 个 年头 ,2.7387278502687578e-39
 两座 城市 举办 了 一系列 的 交流 活动 ,1.0923877383809805e-13
 因此 劳 铭 昌 通过 青岛 档案馆 里 的 朋友 向 几个 来访 的 曼 海 姆 市 历史 协会 成员 介绍 了 自己 的 家族 历史 ,8.865096476657989e-48
 并且 希望 他们 能够 提供 适当 的 帮助 ,4.389311921195215e-16
 这一 举动 引起 了 几个 德国 学者 的 浓厚 兴趣 ,6.541860415437174e-17
 其中 来自 曼 海 姆 大学 历史 系 的 哈 勃 格 教授 当即 表示 愿意 协助 劳 铭 昌 的 工作 ,3.797230383188607e-35
 在 德国 搜寻 相关 的 历史 文件 ,2.0463702501169953e-13
 这一 合作 直到 2011 年 春天 终于 有 了 结果 ,1.8716217280014823e-18
 那年 4 月份 曼 海 姆 市 历史 协会 向 劳 铭 昌 寄来 了 一份 1909 年 的 青岛 巡捕 局 出 警 记录 及 相关 案卷 的 影印件 以及 对应 的 英文 译稿 ,1.8398839035076527e-54
 记录 上 登记 的 日期 是 8 月 19 日 ,1.9178170811843754e-19
 负责 填写 记录 的 是 德国人 马克 西 米 利 安 • 阿 登 纳 警官 ,8.079435120404905e-26
 根据 案卷 的 叙述 ,9.981284727386704e-08
 那天 早晨 天刚 亮 的 时候 ,3.314024888530651e-07
 几 户 住 在 劳 家 附近 的 居民 全都 惊恐万分 地 聚集 到 了 巡捕 局 的 门前 要求 巡捕 局 派 人 干预 劳 家 的 活动 ,6.218346338705332e-54
 当时 还 在 值班 的 阿 登 纳 警官 和 巡捕 兼 翻译 宋 鸿 绪 花 了 不少 时间 才 从 结结巴巴 的 居民 那里 弄 明白 了事 情 的 经过 ,2.438187367898114e-59
 原来 在 前一天 晚上 子 时 的 时候 ,4.976041681326706e-15
 劳 家 的 大院 里 突然 传出 了 许多 响亮 的 声音 ,3.219415649243009e-22
 那 当 中有 很多 人 发出 的 疯狂 呼喊 与 痛苦 嚎叫 ,2.3402675158233355e-23
 还有 一些 非常 尖锐 而且 带有 某些 旋律 的 哨音 ,1.2632371142615424e-20
 从 声音 的 杂乱 程度 来 判断 ,1.2075204220976473e-15
 整座 院子 里 肯定 挤满 了 人 ,4.529262573235731e-10
 但 院 墙上 却 没有 透出 一点点 光亮 ,7.131525895145663e-13
 远远望去 只有 黑糊糊 的 一片 ,1.6760240604736837e-07
 完全 不 像是 有人 在 活动 的 模样 ,1.546407540068433e-17
 这种 匪夷所思 的 情景 自然 引发 了 许多 非常 可怕 的 联想 ,1.354869705332603e-23
 居民 们 纷纷 死死地 锁住 了 门窗 ,1.1159954985723827e-11
 连 出门 的 胆子 都 没有 了 ,2.1537137409685042e-13
 更 别提 靠近 偷偷 院 门 看看 里面 的 情况 ,1.0606472579120874e-14
 那些 令人 恐惧 的 吵闹 在 黑暗 里 持续 了 很长 的 时间 ,9.729501391018636e-27
 而 大院 里 也 一直 都 没有 光亮 ,4.36884868402499e-16
 一直 等到 天快 亮 的 时候 ,4.0394830730846236e-08
 吵闹 才 逐渐 平息 下来 ,3.660256263672604e-06
 几个 居民 壮 着 胆子 出 了 门 ,3.2402274762902996e-14
 并且 闻到 空气 里 有 一种 非常 奇怪 的 臭味 ,5.919581837293769e-19
 但 仍然 没有 人敢 靠近 劳 家 的 院子 ,3.3320492434651036e-16
 在 确定 安全 后 ,3.392213623614515e-09
 所有人 全都 跑 到 巡捕房 的 门前 ,3.845436505402819e-12
 阿 登 纳 警官 早前 就 听说 过 与 劳 格 林 有关 的 传闻 ,1.1614960950735914e-25
 他 立刻 带 着 宋 鸿 绪 以及 几个 还 没 被 吓 破 胆 的 人 赶到 了 劳 家 大院 ,9.600192300231301e-40
 在 院 门前 ,2.5474859173418797e-06
 他 闻到 了 附近 居民 口中 提到 的 那种 奇怪 而 又 恶心 的 臭味 ,1.8814662494519128e-31
 这 给 了 他 一种 非常 不祥 的 心理 暗示 ,3.8398675625899656e-21
 随后 他 开始 敲门 ,1.2895872583866155e-07
 但 没有 人 应答 ,5.673025700814784e-08
 于是 他 示意 随行 人员 将 院 门 撞开 ,4.928273867097183e-16
 由于 人手 很多 ,0.00028959810874704486
 所以 他们 没有 耽误 太 长时间 ,1.0543580864531373e-10
 但 在 大门 被 撞开 的 瞬间 ,6.833179711063374e-15
 那种 无处不在 恶心 臭味 骤然 浓烈 了 起来 ,1.393821863177488e-09
 甚至 有些 让 人 觉得 反胃 了 ,9.001739198503395e-12
 冲 在 最 前面 的 两 个人 几乎 立刻 就 吓 瘫 在 了 地上 ,7.040862352748269e-31
 而 其他 几 个人 — — 连同 阿 登 纳 警官 在内 — — 纷纷 觉得 两腿 发 软 ,3.639371809057324e-32
 不由自主 地 往后 退去 ,4.6555468420100137e-05
 有 几个 人 连滚带爬 地 跑 走 了 ,1.304845807697736e-14
 剩下 的 人 坚决 拒绝 踏入 院子 半步 ,1.447955631708783e-11
 而且 也 劝说 阿 登 纳 警官 不要 这样 做 ,1.115384679024847e-14
 直到 最后 ,0.016666666666666663
 在 完全 适应 了 院子 里 的 景象 和 浓烈 到 让 人 窒息 的 恶臭 后 ,1.300853848391983e-37
 阿 登 纳 警官 只身 一人 小心翼翼 地 走进 了 劳 家 的 院子 ,7.937944356587915e-23
 根据 他 的 回忆 ,9.494864827926417e-08
 在 那座 宽敞 庭院 里 散乱 地 分布 着 共计 十五 具 尸体 ,1.47639367080614e-22
 但 真正 令人 恐惧 的 不是 死者 的 数量 ,4.240245457286924e-18
 而是 尸体 的 状态 — — 所 有的 尸体 全都 腐烂 得 非常 厉害 ,5.7261155818426245e-25
 只 留下 骨骼 和 一些 黑色 的 黏液 ,2.0163133204078604e-16
 那种 无处不在 的 古怪 恶臭 就是 从 这些 黑色 黏液 里 散发出 来 的 ,1.5681486347231784e-23
 在 清点 过 院子 里 的 十五 具 尸体 后 ,5.2286869604285945e-18
 他 又 壮 着 胆子 走进 了 院子 里 的 三 座 楼房 ,2.728492163193603e-25
 并且 在 那 里面 又 发现 了 共计 十 三具 尸体 ,6.782648357084132e-20
 楼房 里 发现 的 尸体 与 院子 里 的 情况 基本 一致 ,2.392797404638878e-23
 也 都 腐烂 得 只 剩下 骨头 与 黑色 的 黏液 ,4.039971952570124e-23
 另 一份 报告 表示 ,2.29761287734984e-06
 由于 尸体 高度 腐烂 ,3.998395978756044e-07
 警官 们 只能 根据 尸体 的 衣物 与 其他 随身 物件 来 辨认 死者 — — 奇怪的是 ,3.021151422469409e-30
 这些 东西 没有 任何 腐烂 的 迹象 ,1.8441974451640592e-13
 租界 政府 统计 的 死者 包括 了 劳 格 林 在内 的 二十二 为 劳 家 成员 以及 六个 下人 — — 这 意味着 ,1.5643163436226936e-43
 除开 一 年前 被 送 去 东北 的 劳 世 惟 外 ,2.0252062199015364e-20
 劳 家 的 所有人 都 死 在 这次 变故 中 ,4.888598557033872e-18
 大多数 尸体 ,0.017948717948717947
 或者 尸体 剩下 的 部分 ,2.076369888683997e-08
 都 没有 挣扎 的 迹象 ,1.5066441112507267e-10
 德 军 的 医 官 也 化验 了 采集 到 的 黑色 黏液 ,6.988957174342368e-27
 但 没有 得到 任何 有 价值 的 结果 ,3.435511845919743e-16
 8 月份 的 时候 ,0.001156456601726842
 曼 海 姆 市 历史 协会 又 陆陆续续 寄来 了 几份 影印件 ,8.782878621295288e-19
 介绍 了 租界 政府 对 这一 事件 的 后续 处理 ,4.7597434235013105e-18
 为了 避免 引起 更大 的 恐慌 ,7.857590531991012e-12
 阿尔 弗 雷德 • 麦尔 • 瓦尔 代 克 代 总督 下令 严格 封锁 了 事情 的 具体情况 ,3.629889121318441e-25
 并且 对 劳 家 大院 进行 了 一次 彻底 的 清理 ,5.379781081555037e-22
 在 1910 年下 半年 ,0.0001818904944982102
 那座 院子 被 低 价 转让 给 了 一个 初 来 青岛 ,1.9864429347074174e-22
 名叫 威廉 • 海森堡 的 德国 商人 ,7.016033595636594e-10
 但 海森堡 只 在 院子 里 住 了 不到 三个 月 就 神秘 失踪 了 ,4.6685114983769697e-29
 在 失踪 前 他 曾 声称 自己 在 房子 里 发现 了 非常 奇怪 的 东西 ,4.267862721709438e-34
 同时 还 向 人 抱怨 说 ,1.2421695503170498e-11
 院子 里 经常 会 有 非常 奇怪 的 臭味 ,1.37621131513484e-17
 而且 在 晚上 的 时候 还 常常 听到 很多 人 在 说话 和 一些 奇怪 的 尖锐 声音 ,3.065328618790314e-39
 这件 事情 让 原本 逐渐 平息 下来 的 迷信 传说 再度 蓬勃 发展 了 起来 ,2.5343706225642443e-25
 总督 府 甚至 找 来 了 两个 牧师 在 院子 里 举行 了 驱魔 仪式 ,4.436784686680608e-25
 后来 又 下令 永久 关闭 了 整座 院子 ,2.9081768679179834e-13
 与 劳 家 有关 的 所有 信息 全都 终 结了 ,7.361146525771638e-20
 虽然 这些 文件 没有 对 劳 家 的 遭遇 给出 一个 最终 的 合理 解释 ,5.012309995893674e-32
 但 至少 解开 了 劳 铭 昌 一直 的 疑惑 ,7.236072113002924e-18
 而 他 似乎 并 没有 感到 失望 ,4.009913513827801e-14
 作为 一个 在 文物 考古 院 里 工作 了 二 十多年 的 研究者 ,1.144198802996199e-28
 他 明白 自己 所 了解 到 的 历史 总会 存在 各种各样 供 人 猜想 的 留 白 与 谜团 ,1.1652527376486958e-41
 而 这 也是 历史 研究 的 魅力 之一 ,5.145543424682869e-15
 这 几份 报告 还给 他 带来 了 额外 的 惊喜 — — 之前 他 找到 的 材料 里 对于 劳 家 大院 的 具体 位置 都 描述 得 非常 含糊 ,1.6796169340772814e-62
 但 从 德国 寄来 的 案卷 里 却 明确 地 记录 了 大院 当时 所在 的 街道 与 门牌 ,1.5007896754502049e-41
 这 让 劳 铭 昌 燃起 了 寻访 祖 居 的 希望 ,2.1019748425670753e-17
 在 与 罗 广 胜 一同 详细 研究 过 德 占 时期 的 几份 青岛 地图 后 ,8.28628353408544e-33
 劳 铭 昌 终于 确定 了 劳 家 大院 的 方位 — — 事实上 ,7.060487848074206e-22
 那里 距离 他 在 小 鱼 山上 的 公寓 并 不远 ,5.376648270279213e-23
 在 经历 过 充分 的 准备 后 ,1.2739119116099826e-15
 2011 年 11 月 的 一个 下午 ,5.7194520466759024e-11
 劳 铭 昌 与 罗 广 胜 一同 踏上 了 寻访 劳 家 旧址 的 旅途 ,5.378167313270746e-25
 他们 随身带 上 了 青岛 市 的 行政区划 图 与 德 占 时期 的 古 地图 作为 对比 ,4.937033363802925e-37
 并且 还 准备 好 了 相机 与 日记 来 记录 可能 的 发现 ,1.2320343770185145e-27
 两人 沿着 鱼 山路 走 下 了 小 鱼 山 ,3.621623988354011e-17
 绕过 历史 文化 博物馆 ,4.804968402702113e-06
 向 左 走 进入 了 两侧 梧桐 夹道 的 大学 路 ,9.285128171959336e-21
 当时 已经 初冬 ,1.1355670013499342e-05
 梧桐 树 的 树叶 都 已经 落 了 大半 ,3.1393329187412254e-18
 只 留下 纠结 的 虬 枝 ,2.5594134464576704e-09
 杂乱无章 地 伸向 蓝色 的 天空 ,3.4620864702083355e-09
 大学 路 的 一侧 是 博物馆 与 美术馆 那 带有 黄色 琉璃瓦 的 红色 高墙 ,3.3740036579302452e-31
 另 一侧 则 是 修建 在 灰色 花岗岩 基 座 上 的 铸铁 栅栏 ,7.925956565234857e-25
 栅栏 后 是 一户 户 德 占 和 日 占 时期 残 遗 下 的 欧 式 小 院 ,9.737615812993593e-39
 院子 里 有 两层 高 的 小楼 ,1.579863244518459e-12
 模样 各 异 ,9.519184069936862e-05
 但 全都 历 尽 岁月 的 磨蚀 ,3.160180046684387e-13
 统一 地 维持 着 有些 衰落 的 古老 风貌 ,1.4725962314068007e-19
 一些 主人 疏 于 打理 的 院子 里 杂乱 地 堆积 着 一些 褪色 的 旧物 ,8.091973134663863e-32
 一 丛 丛 枯 黄 的 野草 从 旧物 间 的 空隙 里 伸出 来 ,1.77428852255369e-26
 无力 地 倒伏 着 ,9.104180491041802e-05
 给 怀 旧 的 氛围 里 增添 了 几分 萧索 的 感觉 ,4.11401967574734e-22
 由于 市政 规划 经过 了 多次 调整 ,1.8809724121344333e-13
 加上 许多 未 标注 在 地图 上 的 小巷 ,6.663362703011129e-17
 他们 很快 就 迷 了 路 ,3.233742324143816e-12
 但 劳 铭 昌 并 没有 感到 烦恼 ,2.417374574126738e-11
 行走 在 那些 在 曲绕 交错 的 小巷 里 ,6.408007611593258e-17
 让 他 觉得 自己 已经 离开 了 那个 现代 而 又 繁华 的 青岛 ,1.418021350735795e-28
 深入 到 了 百 年前 的 世界 里 ,5.209563985566132e-15
 他 能 认出 一些 在 历史 材料 里 读过 的 地标 ,3.906366519967179e-26
 像是 已经 干涸 的 青岛 河 河床 ,2.5736963223698927e-13
 或者 某座 百 年前 的 建筑 ,2.6396200550650217e-09
 脚下 的 水泥 马路 偶尔 会 变成 凹凸不平 的 砖 铺 老路 ,6.41385257900321e-21
 一些 庭院 的 大门 也 显出 了 斑 斑 的 锈 迹 ,3.1787701737376695e-22
 就 连 一些 八 九十年代 修建 的 楼房 好像 也 受到 了 侵蚀 ,1.4352882165976096e-25
 变得 古朴 起来 ,0.0039357429718875495
 在 某个 瞬间 ,7.553591964211388e-06
 他 突然 看到 了 一座 两层 的 德 式 小楼 ,1.0493871544285088e-19
 那 是 一座 典雅 但 却 太 起 眼 的 建筑 ,4.45208537652589e-21
 有着 陡峭 的 砖 红色 复折式 屋顶 与 嵌 在 精致 拱 卷 里 的 狭长 窗户 ,1.197863351823999e-27
 临街 那 一面 的 山墙 已经 很 老旧 了 ,1.0480235692455864e-15
 显出 一种 灰暗 的 黄色 ,1.0292556013574057e-07
 连 带 着 那些 装饰 用 的 拱 卷 与 圆形 抚 壁 柱 也是 坑坑洼洼 的 模样 ,9.811478784259276e-27
 建筑 与 沿 街 的 院墙 间 有着 一棵 疯长 的 树 ,2.4215925504274526e-22
 虽然 叶子 已经 落 光 了 ,2.152770396277867e-09
 但 繁茂 的 枝桠 依旧 遮挡住 了 小楼 的 一角 ,1.340173307604469e-19
 劳 铭 昌 后来 在 日记 里 回忆 说 ,7.090679403102204e-13
 他 突然 了 有 了 一种 似 曾 相识 的 感觉 ,2.41075195409357e-23
 就 好象 直觉 般地 意识 到 了 这座 老 楼 就是 自己 寻找 的 目标 ,1.4230387337740444e-26
 对照 过 手上 的 两 份 地图 后 ,3.332629586736649e-14
 他 确定 了 自己 的 想法 ,9.980078477468541e-12
 那 的确 是 劳 家 大院 ,7.2578041435876894e-12
 或者 劳 家 大院 的 一部分 ,9.171712238012868e-11
 只是 它 如今 有 了 新 的 称呼 — — 隆 口 路 5 号 ,6.720918637275126e-27
 由于 年代 变 迁 ,7.092405357226672e-08
 劳 家 大院 已经 完全 没有 了 原来 的 样子 ,6.519481306409651e-19
 那些 历史 文字 里 经常 提到 的 那些 格外 高大 的 院墙 早就 被 拆 掉 了 ,3.7287872607594983e-32
 取而代之 的 是 一些 居民 们 自行 修建 起来 的 简陋 砖墙 ,4.2740560179786096e-23
 两座 矮 一些 的 厢 房 也 没 了 踪影 ,6.7901601496850985e-18
 只 留下 当年 的 主楼 还 保存 得 比较 完好 ,3.1139842166275974e-19
 如今 与 老旧 主楼 相 伴 的 是 一座 是 大概 在 七八十 年代 修建 起来 的 筒子楼 ,6.833129134512112e-36
 两座 楼房 之间 不算 宽敞 的 空地 上 停放 着 一排 居民 们 出行 用 的 自行车 与 电瓶 车 ,1.0614696317968702e-35
 而 那些 远离 主要 过道 的 墙根 边 则 堆放 着 日用 杂物 与 种植 蔬菜 花草 的 花盆 或 破 脸盆 ,2.7642744254086032e-39
 这些 景象 让 这个 从 外面 看起来 还 带有 些许 怀 旧 意味 的 院子 融 进 了 许多 生活 的 气息 ,5.5852965168655335e-42
 但 奇怪的是 ,0.0007070707070707071
 所 有的 东西 都 刻意 地 避开 了 那座 老 楼 ,2.3572109757849557e-21
 给 它 留出 了 一小块 空荡 的 角落 ,1.2895581883798271e-14
 就 好象 它 是 一个 独立 在外 的 空间 一样 ,1.3231251215980627e-18
 劳 铭 昌 按 捺 住 激动 的 情绪 ,5.459985033296351e-11
 走进 了 院子 ,2.2718579393321198e-05
 想要 靠近 仔细 看看 ,3.412892874466735e-05
 却 发现 那座 老 楼 里 并 没有 住 人 ,3.968779703402862e-20
 窗户 上 也 蒙着 一层 灰 ,9.35717128117892e-09
 不过 那些 花岗岩 修建 的 墙根 ,1.2533821408940687e-11
 和 已经 快 被 时间 抹 平 的 雕花 楣 饰 ,4.309522202655504e-22
 还有 残破 的 石雕 装饰 栏杆 ,3.1708563306258882e-09
 仍 让 人能 从 凋 败 之中 窥见 当年 的 豪华 与 舒适 ,1.1279550407462558e-22
 于是 他们 转向 了 其他 的 地方 ,8.777151435440285e-15
 和 一个 待 在 院子 的 向阳 处 晒 太阳 的 老头 攀谈 了 起来 ,3.9050549640705286e-30
 那个 老头 名叫 李 荣 德 ,1.5942185177427971e-09
 是 土生土长 的 青岛 人 ,3.14002188151908e-10
 他 告诉 劳 铭 昌 与 罗 广 胜 ,5.053611906078794e-14
 那座 老 楼 的 主人 住 在外 地 ,1.485507938095827e-13
 而且 每年 只会 回来 一两个 星期 稍微 打扫 一下 旧 楼 ,1.1099293524516905e-15
 但 从不 在 里面 过夜 ,2.0783684640318368e-10
 所以 它 就 一直 这么 空着 ,6.397004554596752e-12
 早 些 年 也 曾 有 几个 人 曾经 租 过 这栋 老 楼 ,1.4711164476439726e-27
 但 最多 住 上 一两个 月 就会 另寻 别处 ,6.9396774366036164e-12
 所以 老 楼 大部分 时间 都 是 空着 的 ,2.1148848285136986e-15
 街坊 邻居们 都 不太 喜欢 这座 老 楼 ,2.687481453527096e-10
 因为 老 楼 周围 偶尔 会 若有若无 地 飘荡 着 一股 不 知道 从 什么 地方 传 出来 的 奇怪 臭味 ,4.253075437662778e-41
 还有 些 坊间 的 流言 说 房子 里 闹鬼 ,7.904530753009087e-17
 因为 有些 人 说 在 某些 靠近 老 楼 的 位置 上 能够 模模糊糊 地 听到 一些 人声 ,6.615133981789653e-38
 但 却 听 不 清楚 具体 的 内容 ； 还 有些 人 说 老 楼 里会 传来 有 节奏 的 哨声 ,1.921117616730295e-43
 李 荣 国 最后 补充 说 ,1.5888061013535707e-11
 这些 故事 不必 当真 ,8.341541117961061e-07
 他 在 这个 院子 里 住 了 二 十多年 ,1.6259493498636136e-18
 这种 骗 小孩 的 故事 听 得 多 了 ,2.0718594986724274e-15
 但 没人能 说出 个 子丑寅卯 来 ,2.487438487438487e-08
 至于 那种 经常出现 的 奇怪 臭味 ,2.0267098633614443e-10
 他 倒是 经常 闻到 ,2.7951558238253206e-07
 但 那 很 可能 是 下水道 的 问题 ,1.3024978437298823e-14
 并不 稀奇 ,1.4
 但 对于 劳 铭 昌 而言 ,5.879400061218241e-07
 这些 离奇 的 传闻 只是 发现 之旅 的 意外 插曲 而已 ,1.1359035233261151e-20
 能够 亲眼 看见 祖先 曾 生活 过 的 地方 已经 足够 让 他 心满意足 了 ,1.660738056264558e-26
 而 老 楼 的 状况 更 让 他 有 了 新 的 想法 ,1.0926406946727878e-26
 在 发现 老 楼 的 一个月 后 ,3.547419840818007e-16
 他 联系 上 了 那座 房子 的 主人 ,2.9474790467402214e-17
 讲述 了 其中 的 原委 ,7.383738864149996e-11
 并 最终 以 一个 比较 低 的 价格 将 它 整个 租 了 下来 ,1.784086609967761e-30
 当作 他 在 青岛 的 新家 ,2.1835934417631653e-13
 根据 劳 铭 昌 日记 里 的 叙述 ,4.5123966982694306e-11
 由于 老 楼 常年 无人居住 ,1.1708898924112628e-08
 内部 的 状况 已经 非常 糟糕 了 ,3.90077979967032e-13
 各处 的 隔墙 都 有 不同 程度 的 损坏 ,2.956262568389876e-16
 二楼 的 一些 木头 地板 也 都 腐朽 了 ,7.795382936072999e-15
 需要 彻底 更换 ,2.963231736816642e-05
 整座 建筑 实际上 就 只 剩下 了 一个 空空 的 外壳 而已 ,1.5114438664997732e-21
 但 他 没有 抱怨 什么 ,1.0585085044840965e-08
 而是 陆陆续续 地 雇 人 彻底 打扫 了 那栋 老 楼 ,1.8141516225611227e-19
 并 进行 了 彻底 的 整修 ,4.9852260818761896e-14
 在 大院 里 的 街坊 们 看来 ,7.653457192109498e-14
 这 实在 是 件 不可 意思 的 事情 ； 但 罗 广 胜 的 支持 与 老年人 特 有的 固执 让 他 坚持 了 下来 ,8.337210780957496e-51
 那 毕竟 是 他 的 祖辈 百年 前 曾经 生活 过 的 地方 ,3.6420636601928555e-25
 因此 劳 铭 昌 所 感 受到 的 激动 其实 并 不难 想象 ,1.2180843673403323e-20
 修缮 工作 一直 持续 到 2012 年 三月 下旬 ,5.348993506855294e-16
 劳 铭 昌 在 四月 上旬 搬进 了 那座 老 楼 ,6.387718741510387e-16
 开始 了 他 的 新 生活 ,1.160196584137664e-10
 从 那段 时间 留下 的 日记 来看 ,1.7104359432066256e-13
 老 楼 里 的 日子 并 不是 特 别的 舒适 ,1.2177359071147611e-16
 虽然 经过 了 改造 和 整修 ,5.313810958840617e-14
 但 老 楼 里 的 水压 与 电力 都 远 不如 现代化 的 楼房 那样 稳定 — — 在 2012 年 冬天 ,4.1167084807246534e-46
 他 还 遇到 了 供暖 不足 的 问题 — — 但 除开 这些 早有 准备 的 不便 之外 ,1.4739170190692754e-34
 更令 他 感到 困惑 的 是 那种 邻居们 曾经 提到 过 的 臭味 ,1.5963138747148188e-22
 他 在 日记 里 将 之 描述 成 一种 动物 死亡 后 开始 腐烂 的 味道 ,1.2202204452978016e-35
 但 最 让 劳 铭 昌 感到 心烦意乱 的 是 他 一直 没能 找到 它 的 源头 ,2.2558286391802773e-30
 这种 气味 在 一楼 东 侧 的 一个 没有 窗户 的 小 单间 里 最为 明显 ,1.213549038236442e-30
 但 离开 那个 单间 后 ,3.4436158109439134e-08
 味道 就会 明显 变 淡 ,1.0535900389446544e-06
 只有 偶尔 能 注意 得到 ； 而 二楼 的 房间 里 就 几乎 闻 不到 那种 的 气味 了 — — 不过 ,6.685192529876414e-45
 有时候 气味 会 变得 特别 浓烈 ,2.2991825130172586e-10
 甚至 在 二楼 或者 户外 靠近 房子 的 地方 也 能 察觉 得到 ,4.788461438970934e-23
 然而 那个 单间 是 空 的 ,6.527448125206169e-10
 里面 只有 一块 不到 二十 平米 的 空地 与 四面 墙壁 ,7.0419074343327585e-19
 房间 地面 是 几十年 前 房屋 翻修 时 挖 掉 朽 烂 的 木头 地板 后 铺设 的 水泥 ,4.788019649162905e-35
 因此 不太可能 藏 了 什么 死物 ,2.554661455965935e-10
 况且 在 他 搬进 来 之前 ,1.7846607711204913e-11
 房子 已经 有 十多年 没有 住 人 了 ,4.906566846811857e-16
 即使 有人 曾经 埋 过 什么 东西 也 肯定 完全 腐烂 了 ； 再者 ,3.603515313991131e-29
 关于 奇怪 臭味 的 抱怨 一直 贯穿 在 这座 房屋 的 历史 中 ,2.2882938297471568e-26
 甚至 早 在 二十世纪 初 ,3.913976158007463e-08
 劳 家 大院 被 租界 政府 彻底 关闭 前 的 最后 一 任 住户 德国 商人 威廉 • 海森堡 在 神秘 失踪 前 也 抱怨 过 房子 里 的 恶臭 ,5.4430997833690884e-55
 如果 说 那种 奇怪 的 臭味 还 仅仅只是 让 人心 烦 意 乱 的话 ,3.461676457488843e-24
 那么 另 一个 谜团 则 显得 有些 阴森 不祥 起来 ,2.804218662962806e-15
 劳 铭 昌 第一次 注意 到 这个 谜团 是 在 搬进 老 楼 的 一个月 后 ,2.8724932863078875e-26
 他 将 当时 的 详细情况 全都 写 进 了 日记 里 ,3.8847505154260046e-21
 2012 年 5 月 9 日 下午 ,5.254182883178106e-10
 劳 铭 昌 吃 过 晚饭 后 觉得 有些 疲倦 ,5.55839893381093e-14
 于是 关掉 了 电视 在 一楼 客厅 的 沙发 上 躺 了 一会儿 ,2.642561933820305e-27
 但 等到 他 睁开 眼睛 的 时候 天 已经 完全 黑 了 ,1.7193017617908742e-23
 房间 里 只有 一点点 从 窗户 里 漏 进来 的 路灯 光芒 ,2.3990519370665253e-21
 当时 一定 很晚 了 ,2.854319446611535e-05
 因为 四下 里 一点儿 声音 也 没有 ,2.4751919013236765e-11
 但 他 没有 立刻 起身 ,3.799774118660859e-09
 而是 在 沙发 上 迷 迷 糊糊 地 躺 着 ,9.67248176883486e-16
 想 等 自己 清醒 些 再 做 打算 ,2.6132104513204917e-18
 这个 时候 ,0.011075949367088608
 他 突然 觉得 自己 隐隐约约 地 听到 了 一些 细碎 的 声音 ,8.299655598329528e-23
 他 以为 自己 还 没有 完全 清醒过来 ,2.1106679676637505e-14
 而 那些 声音 只是 梦境 的 残余 ,4.360437398905632e-16
 所以 他 没有 理会 ,1.253097201178957e-07
 依旧 一动不动 地 躺 着 ,2.635861079667434e-07
 但 一段时间 之后 ,4.4995408631772265e-05
 那种 声音 并 没有 消失 ,3.3351191434396075e-09
 却 始终 在 恰好 能 听见 的 边缘 徘徊 不定 ,1.4280774235874385e-20
 他 敢肯定 那 不是 老鼠 之类 的 动物 ,5.1591996326799064e-15
 而是 人 说话 的 声音 ,1.5230620359438718e-09
 但 它 是 在 太 微弱 了 ,3.435576248151489e-13
 完全 无法 分辨 其中 的 内容 ,4.3458059806234994e-10
 他 想要 起身 查看 ,1.59777150470015e-06
 但 在 那种 极度 紧张 的 情况 下 ,1.5321912657885421e-13
 他 觉得 自己 的 身体 完全 僵 住 了 ,4.955345529674833e-14
 动弹不得 ,1
 那种 细碎 的 声音 就 这样 持续 了 大概 十 到 十五分钟 的 时间 ,5.160075518912141e-28
 然后 逐渐 淡出 了 人 耳 能 听到 的 范围 ,5.702580887548402e-20
 劳 铭 昌 又 花 了 几分钟 才 终于 扶 着 沙发 慢慢 爬 了 起来 ,4.3013255516499555e-26
 他 在 黑暗 里 站 了 一会儿 ,9.651393111389817e-15
 然后 打开 了 灯 ,8.60191647188007e-08
 彻底 地 检查 了 一遍 房子 ,1.14618456129005e-11
 然而 所有 门窗 都 是 锁 好 的 ,3.3870978185988824e-13
 没有 被 破坏 的 痕迹 ,4.1677292828171164e-10
 也 没有 任何迹象 说明 房子 里 曾 有 其他人 出入 ,3.7983598722309964e-18
 倒是 那种 恶心 的 臭味 似乎 变得 更 明显 了 — — 但 劳 铭 昌 也 在 日记 里 承认 ,1.3291353032236679e-37
 这 或许 只是 极度 紧张 后 的 错觉 而已 ,4.884042222159499e-17
 然而 事情 仅仅 才是 开始 ,7.05500797949023e-07
 到 了 八 月份 ,1.3209917217039927e-07
 他 又 听见 了 那种 声音 三次 — — 而且 他 觉得 那种 声音 实际 出现 的 次数 可能 会 更 多 一些 ,1.4029777835834867e-45
 因为 它们 实在 太 微弱 了 ,1.455543785011711e-09
 很难 引起 注意 ,0.0006891701828410687
 后 三次 经历 也 都 发生 在 深夜 — — 因为 只有 那个 时候 才 足够 安静 ,9.086230578424601e-33
 让 他 能够 注意 到 那种 微弱 的 声音 — — 每次 的 时间 大概 在 五分钟 到 十五分钟 不等 ,1.0745948291645576e-38
 和 最初 听到 的 声音 一样 ,3.2030287850511916e-12
 他 后来 听到 也是 人 说话 的 声音 ,2.8845294184463894e-15
 而且 也 一样 模糊 ,1.604844368011094e-07
 完全 无法 分辨 ,0.00010314462466817133
 其中 有 一次 ,5.4187166897907564e-05
 他 还 听到 了 几声 似乎 带有 某种 节奏 的 哨声 或者 笛 音 — — 但 那种 声音 也 仅仅 只 比 人声 略微 明显 那么 一点儿 ,5.776617389812964e-51
 每次 声音 结束 后 ,2.6180656969838574e-05
 他 都会 去 检查 房子 里 的 所有 门窗 ,8.203910297565844e-17
 但 每次 都 一无所获 ,3.5786872999378156e-08
 在 第三次 听到 那种 声音 的 时候 — — 也 就是 听到 哨声 的 那 一次 — — 他 壮 起 胆子 ,3.2686702178669147e-43
 小 心地 在 房子 里 寻找 了 一会儿 ,3.4750596399713995e-16
 随后 发现 那些 细碎 的 人声 似乎 是从 一楼 东 侧 那个 的 臭味 特别 明显 的 小 单间 里 传出 来 的 ,3.0982047603406967e-40
 那个 单间 里 显然 没有 任何 东西 能 发出 这样 的 声音 — — 事实上 ,2.0276548187468575e-27
 他 没有 在 那个 单间 里 摆放 任何 东西 ,1.2852887903146983e-16
 在 第四次 听到 那种 声音 后 ,9.046981911802568e-11
 他 终于 下定决心 要不 惜 一切 代价 找出 合理 的 解释 ,3.1101841519406712e-15
 因为 这个 诡异 的 谜团 已经 让 他 觉得 有些 神经衰弱 了 ,4.33319616501856e-22
 毫无疑问 ,1
 那个 可疑 的 小 单间 成 为了 一个 显而易见 的 起点 ,2.555775874109498e-20
 但 最初 的 几次 检查 并 没有 揭露 任何 有 价值 的 线索 ,5.479007437980322e-27
 在 对 老 楼 进行 了 一次 简单 的 测量 后 ,7.80455780354493e-24
 他 发现 了 单间 隐藏 的 秘密 ,1.2380566156662662e-12
 按照 房屋 的 布局 来看 ,5.030084215107094e-10
 那个 神秘 的 小 单间 应该 是 长方形 的 ,2.64040469301405e-14
 但 他 实际 看到 的 单间 却 更 接近 正方形 ,8.227778551205457e-21
 这 意味着 在 单间 东面 的 那 堵墙 后 可能 还 藏 着 一个 隐秘 的 夹层 ,2.150601513327063e-34
 而 等到 他 找 来 罗 广 胜 一同 铲除 掉 东面 墙壁 上 的 灰泥 后 ,1.7409107601408485e-28
 这个 猜想 得到 了 证实 — — 因为 在 刮 掉 老旧 灰浆 的 墙面 上 有 一扇 被 完全 封死 的 门 ,3.764698930262712e-43
 用来 封堵 门 的 材料 是 非常 古老 的 旧式 德 制 砖头 ,8.462020150734394e-23
 这 将 怀疑 的 对象 缩小 到 了 三个 — — 封堵 房门 的 可能 是 劳 家 的 某位 成员 ,4.5501585275881295e-42
 或者 曾经 在 房子 里 住 过 的 德国 商人 威廉 • 海森堡 ,6.141253958276472e-24
 或者 最终 下令 彻底 封锁 大院 的 租界 政府 ,3.108124945865739e-14
 但 不论是 谁 封堵 了 这 扇门 ,4.50936944801494e-13
 他 所 传达 的 信息 却 很 清楚 ,4.1230461975213084e-17
 因为 他 不仅 封死 了 房门 ,1.9586552375432813e-12
 还 特意 刮 掉 了 整 堵墙 的 灰泥 重新 粉刷 了 一遍 ,2.256117444272084e-22
 将 封死 的 门 完全 藏 进 了 隔墙 里 ,1.3385330899829823e-18
 不留 任何 痕迹 — — 如此 大 费 周 章 的 工作 说明 那 个人 不仅 不 希望 其他人 进入 夹层 ,2.6376015037558856e-42
 而且 还要 将门 后 的 秘密 永远 地 埋葬 下去 ,3.9574674596504356e-17
 确保 不再 有人 发现 ,8.476199301887375e-07
 但 这样 的 掩藏 反而 让 两 个人 更加 想要 打开 它 一探 究竟 ,2.741568846470922e-27
 更 不用说 门 后 的 夹层 很 可能 包含 了 更 多 与 劳 家 的 祖先 有关 的 线索 ,5.364781742504265e-40
 在 发现 隐藏 房门 后 的 第二天 — — 8 月 29 日 — — 他俩 就 找 来 了 工人 砸 开 了 那扇 封死 的 门 ,2.3310711384982017e-52
 砸 开 房门 的 同时 ,8.550776557186211e-08
 劳 铭 昌 ,0.08166666666666665
 罗 广 胜 以及 在场 的 工人 都 闻到 那种 奇怪 的 臭味 明显 浓烈 了 起来 ,1.120064480753499e-32
 所以 他们 停顿 了 一会儿 ,6.421442317101013e-09
 待 臭味 稍稍 消散 一些 才 清理 掉 了 剩下 的 砖块 ,3.6229899728005885e-22
 门 后 的 夹层 并不 宽 ,2.2132408972578745e-08
 只能 供 两个 人侧 着 身子 进出 ,2.2800720070883796e-10
 夹层 的 地 面上 铺设 着 非常 古老 的 木头 地板 ,1.3726571021925717e-19
 但 大多 已经 完全 朽 烂 了 ,6.219095221526952e-10
 而且 积 着 一层 厚厚的 灰尘 和 碎 屑 ,9.430687411981314e-15
 在 夹层 的 一端 有 一个 方形 的 地洞 ,5.541549050591343e-19
 上面 盖 着 一块 残破 的 活动 门板 — — 那种 奇怪 的 臭味 就是 从 地洞 里 传出 来 的 ,1.959342279003509e-37
 门板 上 有 一把 古 锁 ,4.060309804029733e-09
 但 早就 锈 得 看不出 原来 的 面目 了 ,1.821574227213351e-14
 因此 劳 铭 昌 让 工人 砸 开 了 锁 ,1.7732590689946365e-15
 待 门板 后 打开 ,2.766686832022584e-05
 露出 来 的 是 一个 洞口 ,2.571315254617598e-10
 地洞 的 一侧 紧贴着 地窖 的 墙壁 ,1.3483471926176138e-11
 距离 下方 的 地面 有 大约 有十 几尺 的 高度 ,8.345729986111853e-17
 但 没有 可供 上下 的 梯子 ,8.819107107026195e-12
 但 由于 空间 有限 ,4.5554758679310416e-07
 在 洞口 上 也 没 办法 看到 地窖 内 的 情形 ,3.7149025880238563e-22
 由于 缺乏 必要 的 工具 ,1.3856406924933784e-08
 所以 他们 只得 关上 了 活动 门板 ,2.8643293731346845e-13
 等 准备 充分 了 再 做 打算 ,8.811133379251561e-17
 等 他们 再次 打开 那扇 活动 门板 的 时候 已经 一周 之后 的 事情 了 ,1.7652414050464796e-28
 从 日记 的 内容 来看 ,2.425787857225644e-10
 对于 进 地窖 查 探 这件 事情 ,4.1810793967560907e-10
 劳 铭 昌 抱 有 一些 顾虑 ,7.214674900670806e-08
 不过 他 担心 的 倒 不是 鬼神 之类 的 迷信 故事 ,4.940546617205245e-21
 而是 切切实实 的 风险 ,4.090634995054415e-06
 考虑 到 劳 家 的 祖先 们 有 从事 走私 生意 的 嫌疑 ,5.09373733515388e-28
 因此 房子 的 下方 很 可能 存在 着 一些 用来 从事 地下 生意 的 秘密 通道 — — 而 他 在 房间 里 听到 的 人声 很 可能 就是 某些 人 利用 这些 古老 秘密 通道 从事 某些 活动 时发 出来 的 ,2.036057315176628e-82
 虽然 他 不 知道 那些 人 的 目的 为何 ,4.140379357407249e-17
 但 很 清楚 自己 不 应该 在 没有 任何 了解 的 情况 下 贸然 接触 那些 声音 的 源头 ,4.253636597023594e-40
 为了 安全 考虑 ,1.0443864229765012e-05
 在 砸 开 隔墙 发现 地窖 的 当天 ,2.6809825060638716e-15
 劳 铭 昌 就 给 活动 门板 上装 了 新 锁 ,1.183989519671157e-15
 后来 又 找 人来 换 了 一扇 更 结实 的 门板 ,2.165083529840063e-22
 但 另一方面 ,0.0010606060606060605
 年轻 的 罗 广 胜 却 对 那 这座 神秘 的 地窖 充满 了 兴趣 ,1.225643262320002e-32
 他 不仅 一手 操办 了 地下 勘探 需要 的 设备 与 工具 ,2.3773138542025426e-25
 还 最终 说服 了 劳 铭 昌 与 他 一同 下 地窖 去 进行 查看 ,8.495274907415497e-29
 9 月 8 日 中午 ,2.1404795574618684e-06
 劳 铭 昌 与 罗 广 胜 打开 了 通往 地窖 的 活动 门板 ,3.0454174611146977e-23
 安装 好 了 绳梯 ,5.437657327438244e-08
 然后 带 着 装备 爬 下 了 洞口 ,1.889452674016708e-15
 他们 准备 得 很 充分 ,1.609053021111129e-10
 甚至 还 带上 了 一台 手持 的 二氧化碳 检测 仪 ,1.1260394687644221e-17
 当 真正 进入 地窖 后 ,3.5020129874397816e-09
 两 个人 却 发现 这次 勘探 远 没有 想象 的 那样 困难 ,1.4397140167593927e-24
 虽然 空气 里 弥漫着 那种 熟悉 但 却 刺鼻 得 多 的 臭味 ,6.533932909303813e-24
 但 他们 并 没有 感到 呼吸 困难 ,6.168634383153679e-13
 二氧化碳 的 读数 也 在 安全 范围 内 ,1.2186053358335512e-14
 周围 的 景象 却 让 他们 有些 讶异 ,4.799831522162409e-15
 洞口 下方 是 一条 砖 砌 的 拱 道 ,1.057929811363699e-14
 整条 通道 有 大概 十 余 尺 宽 ,1.4611329142120845e-12
 房间 那么 高 ,0.00034422198805760445
 并且 每隔 一段距离 就 有 一 截 巧妙 的 拱形 结构 作为 支撑 ,4.8205217298028274e-21
 显然 是 经过 了 精心 的 设计 ,1.3169265943129504e-15
 墙面 的 砖 石 也 排列 得 非常 整齐 ,9.108007620472133e-18
 并且 留出 了 可供 放置 油灯 的 凹槽 ,1.4827290583839018e-12
 在 通道 的 一侧 — — 远离 洞口 的 那 一边 — — 有着 一座 乌 漆 大门 ,5.211700409582895e-34
 它 采用 的 是 全 凹 式 的 结构 ,1.9114255797643431e-16
 门板 要 比 两边 通道 墙壁 向 内 陷 进去 大约 三尺 的 深度 ,1.0633535203252686e-22
 留出 了 一个 较浅 的 空间 作为 门廊 ,7.705858451266706e-14
 由 于是 在 地下 ,9.256238932595395e-09
 所以 大门 省略 了 屋檐 一类 的 结构 ,4.799274132959941e-13
 但 门前 的 台阶 ,1.3134984799950506e-08
 两侧 的 门 柱石 还有 大门 方 上 的 四颗 门 簪 却 一样 不少 ,3.3180952754568455e-26
 对开 的 门板 已经 很 破旧 了 ,2.946764229649199e-11
 其中 一边 早已 脱离 了 门 轴 ,3.1100995714705256e-13
 完全 向 后 倒塌 在 了 地上 ,6.122281944375244e-16
 另一边 也 显得 摇摇欲坠 ,4.363377313406254e-06
 让 人 不敢 去 碰 ,3.9380002312217266e-09
 门 的 两侧 挂 着 一副 对联 牌匾 ,3.2872389128500104e-14
 右边 写 着 “ 千 枝 归 一本 ” ,3.4704910312466245e-13
 左边 写 着 “ 万 系 总 同 根 ” ,1.5952869497738402e-18
 中间 的 匾额 上 留有 “ 劳 家祠 ” 三个 字 ,8.511886081928257e-20
 所有 这些 刻字 还有 留着 些 上 色 的 痕迹 ,3.228552036577189e-17
 但 已经 看不出 原来 的 本色 了 ,2.8568451788539364e-13
 这个 意想不到 发现 让 劳 铭 昌 觉得 颇为 惊异 ,2.0631853632512063e-14
 作为 祭祀 先祖 和 举行 重大 仪式 的 场所 ,2.409742081718404e-19
 祠堂 的 选 址 自然 会 非常 重视 风水 与 交通 的 便利 性 ,1.7735299004452724e-26
 而 这种 将 祠堂 建 在 自家 大院 地基 下 的 行为 即便 不是 离经叛道 ,1.2594526047744422e-26
 也是 相当 罕见 的 情况 ,1.1460743121414212e-05
 这 也 让 他 想起 了 之前 在 研究 家族 历史 时 曾 读过 的 那些 声称 劳 家 修建 楼房 时 挖 走 了 大量 土方 的 书信 ,4.32535531496885e-60
 并且 不由得 纳闷 自己 的 祖先 为何 要 对 修建 祠堂 一事 保守 秘密 ,1.3659545207430657e-18
 但 他们 两人 并 没有 在 大门 前 逗留 太 长时间 ,5.13971939201415e-22
 在 查看 了 片刻 后 ,1.7905158892448187e-10
 劳 铭 昌 与 罗 广 胜 就 从 倒塌 的 那 半 边门 里 走 了 进去 ,6.829118580271281e-32
 门 后 是 一个 宽敞 的 长方形 房间 ,2.332355527606692e-16
 大抵 上 对应 着 普通 祠堂 里 的 庭院 ,2.0143050591332187e-16
 长廊 里 没有 陈列 任何 物件 ,1.1160657547287491e-09
 但 在 左右 两边 的 墙上 都 留下 了 刻字 ,5.1704846185669e-22
 右边 的 刻字 简单 讲述 了 劳 家 从 浙江 盐 官 镇 举 家 迁徙 到 山东 即 墨 而后 又 搬家 到 青岛 的 历史 ,1.6929594578376558e-47
 左边 的 刻字 则 记叙 了 劳 格 林 受 先祖 之 托 建立 祠堂 的 过程 ,2.163773408362308e-28
 对于 劳 铭 昌 而言 ,0.00020787878787878778
 墙壁 上 的 内容 都 不是 什么 新鲜 的 事情 ,7.423881000484511e-18
 因此 他 并 没有 特别 的 在意 ,2.3498923185135674e-16
 房间 的 尽头 是 另 一扇 乌 漆 大门 ,2.3109698645232142e-15
 样式 与 大门 没有 什么 区别 ,6.546193948557845e-11
 但 保存 得 相对 完好 ,1.5839469973467727e-09
 两侧 和 门楣 上 也 没有 匾额 ,5.832319413030928e-13
 小心 推开 大门 ,0.004270152505446622
 后面 是 一个 接近 正方形 的 房间 ,5.779174204878137e-12
 并且 在 正 对 大门 的 另一边 墙上 也 开着 一个 门洞 ,6.3642954954567404e-27
 按照 空间 布局 来看 ,2.1401819154628133e-06
 这个 地方 对应 的 应该 是 祠堂 里 用来 祭祀 祖先 的 享 堂 ,1.1566111393997735e-26
 但 这个 房间 里 没有 布置 在 祭祀 时用 来 安置 祖先 牌位 的 桌案 ,9.349343525702274e-29
 整个 房间 空荡荡 的 ,0.00012981360582836596
 只 在 中心 的 位置 有 一个 凹陷 下去 的 浅 坑 ,2.549487074293418e-25
 坑 的 直径 有十 余 尺 ,8.650826435731443e-10
 深 一尺 ,0.009210526315789473
 内 壁 呈 弧形 ,2.249327824775395e-05
 打磨 得 非常 光滑 ,7.091074480401344e-06
 就 像是 一口 嵌 在 地上 的 大 锅 ,1.040463807011223e-15
 坑 的 周围 还有 几块 已经 完全 腐烂 的 草 垫 ,1.0265435518346972e-22
 像是 供 人 在 祭祀 时 跪拜 用 的 ,7.534481083240031e-17
 但 劳 铭 昌 却 完全 想象 不出 这是 一种 什么样 的 祭祀 ,3.0377440562049746e-20
 四面 的 墙上 描绘 着 一些 奇怪 的 壁画 ,6.37251177528785e-17
 其中 的 内容 像是 一些 祭 拜 的 仪式 ,2.4039649320289563e-18
 但 很多 地方 的 画 漆 都 起 卷 剥落 了 ,8.618403412187225e-22
 使得 剩下 来 的 部分 看起来 就 像是 某种 浑身 疙瘩 的 黑色 巨石 ,1.309325427773016e-23
 除开 那些 显而易见 的 东西 ,5.608194441362099e-07
 房间 唯一 显眼 的 就是 四 盏 安置 在 角落里 的 高 脚 油灯 ,6.298224408659046e-29
 和 一口 半人 高 靠 墙 摆放 的 柳 木箱 子 ,3.1902074644012243e-19
 由于 没有 得到 合适 的 养护 ,1.9111540224052038e-12
 箱子 的 保存 状况 已经 很 糟糕 了 ,2.3795558215690624e-15
 当 劳 铭 昌 带 着手 套 小心 地 打开 它们 后 ,5.84382898011419e-18
 发现 里面 装着 的 全是 古老 的 典籍 ,2.0858524850023028e-15
 这些 旧书 的 情况 比 箱子 本身 还要 糟糕 ,7.101569975950268e-16
 它们 笼罩 在 纸张 腐烂 形成 的 灰 堆里 ,1.3925618791985915e-16
 几乎 被 完全 蛀 空 了 ,1.209562270926595e-08
 一 碰 就会 坍塌 成 不可 辨认 的 一堆 ,3.014941878093555e-16
 借着 手电筒 的 光线 ,4.46939749459649e-06
 他 简单 地 辨认出 了 状况 相对 好 一点儿 的 几 本书 ,2.8195186157804773e-26
 但 那 大多数 公认 的 伪经 或 志怪 奇谈 ,2.453877355711679e-15
 其中 有 一 两 卷 传说 属于 《 山海经 》 但 从未 得到 学界 承认 的 《 昆仑 经 》 折子 装 手 抄本 ,1.1941660793929607e-46
 一本 明代 线 装帧 的 《 齐 谐 记 》 ,1.4453595065237206e-13
 还有 一本 清 代 包背装 的 《 大荒 策 》 印刷 本 ,3.31426936845716e-18
 想来 这 就是 劳 格 林 当年 花钱 从 全国 各地 搜罗 来 的 古籍 了 ,6.888717128929689e-26
 除开 这些 破旧 的 古籍 外 ,5.152043221436874e-10
 箱子 里 还有 三个 紧紧 裹 起来 的 桐油 纸 包裹 ,7.896306316255331e-18
 由于 桐油 纸 的 保护 ,1.3198330825936077e-08
 包裹 的 状态 看起来 要好 一些 ,3.83277451651347e-09
 劳 铭 昌 从 箱子 里 取 了 一件 出来 ,3.2016114434601464e-15
 拍 掉 上面 的 灰尘 ,1.9072906163154946e-09
 小心 打开 后 却 发现 是 里面 是 一页 页 没有 装订 的 手稿 ,6.246023524272959e-30
 上面 还 留着 劳 格 林 的 名字 ,1.0353279662184834e-12
 他 将 几只 包裹 都 取 了 出来 ,1.6310116345302463e-15
 交给 罗 广 胜 随身 带上 ,4.289418269978548e-08
 留 待 以后 研究 ,3.5159473325440372e-06
 检查 过 这个 类似 享 堂 的 房间 后 ,2.5474296273258113e-16
 他们 穿过 了 后面 的 门洞 ,2.3463469512963397e-14
 走进 了 另 一条 长廊 ,3.3369199233804684e-08
 这部分 的 长廊 和 之前 他们 经过 的 没有 什么 不同 ,5.1676638775413913e-26
 只不过 这 一次 两侧 墙 壁上 的 内容 变成 了 一些 劳 氏 先祖 曾经 达成 的 卓越 事迹 ,1.8374779658322538e-29
 到 了 这个 时候 ,1.693341784309074e-06
 劳 铭 昌 基本 已经 猜 到 了 整个 地下 建筑 的 布局 ,6.464840540633653e-22
 按 传统 的 三 段 式 祠堂 来 推断 ,2.758571782930184e-16
 在 这条 长廊 的 尽头 ,6.665878538275291e-10
 整个 建筑 的 最深处 ,1.4843017509730041e-08
 修建 的 应该 是 用来 安置 祖先 牌位 的 寝 堂 ,2.2542635198425663e-19
 这 让 他 在 推开 最后 的 那扇 乌 漆 大门 时 感到 了 难以 言说 的 紧张 与 激动 ,3.0156270237307723e-40
 对 他 而言 ,2.4767653063930206e-06
 这 扇门 后 的 东西 仿佛 就是 他 研究 家族 历史 的 一种 奖赏 — — 以 一个 子孙 ,9.172549595064914e-40
 而 非 研究者 ,3.347045340700375e-05
 的 身份 觐 见 自己 的 祖先 ,8.506810134153005e-13
 手电筒 照亮 了 一个 与 享 堂 差 不 多大 的 房间 ,8.435274140396542e-21
 他们 两 个人 看到 了 房间 的 另外 三 面 耸立着 用 夯 实 泥土 与 石板 搭建 起来 的 阶梯 ,2.5220883922176523e-41
 并 倒 抽 了 一口 凉气 ,2.1727482551415204e-11
 这些 阶梯 最 靠 外 的 一级 有 齐 腰 高 ,7.671406686624448e-23
 它们 一级 级 往 上 延伸 ,1.0156991554772446e-11
 最后 几乎 已经 碰到 了 地窖 的 天花板 上 ,4.7992233475276915e-18
 它们 组成 了 一个 巨大 的 “ 凹 ” 字形 — — 后来 ,1.6103818041365595e-23
 劳 铭 昌 与 罗 广 胜 再度 谈起 这 一幕 时 ,6.205197426290064e-16
 罗 广 胜 说 那 就 像是 某种 巨大 的 礼堂 座 席 ,4.1202662271071376e-24
 从 某种 诡异 的 角度 来说 ,3.396511544806654e-11
 这个 比喻 准确 得 让 人 恐惧 — — 因为 那些 台阶 上 摆放 的 是 鳞次栉比 的 一尊 尊 牌位 ,5.185890437295256e-40
 虽然 其中 有些 牌位 已经 倒塌 了 ,1.7047794352249796e-11
 但 大多 都 还 保持 在 原来 的 位置 上 ,6.751725938035249e-21
 手电筒 照射 出 的 光芒 在 这些 埋葬 于 厚重 灰尘 里 的 牌位 间 拉 出 了 诡异 变幻 的 长 影 ,1.9410983347370053e-42
 让 人 恍惚 间 想到 了 午夜 坟山 上 林立 的 墓碑 ,1.4017576814551035e-22
 这些 牌位 的 数量 如此 之多 ,4.875464098655978e-11
 远远 超出 了 劳 铭 昌 的 预计 与 想象 — — 按照 他 的 估算 ,2.963388809919911e-31
 那里 至 少有 一 千 五百 到 两 千 尊 以上 的 牌位 ,1.7336454452706187e-26
 而 其中 每 一个 位置 都 代表 着 一位 曾经 存在 过 的 劳 氏 祖先 ,1.003097508344517e-32
 劳 铭 昌 不 知道 自己 的 曾祖父 究竟 是 如何 知晓 这些 祖先 的 名字 的 ,4.597435355852153e-26
 但 在 这样 黑暗 的 环境 里 ,6.321436531507692e-14
 这种 近乎 阴森 的 展示 让 他 感到 了 莫名 的 畏惧 与 恐慌 ,2.875779170015897e-29
 经过 三年 的 研究 与 调查 ,4.865705818660006e-12
 他 所 熟悉 的 祖先 名字 尚 不足 百 位 ,3.998752169969828e-19
 在 这个 阴森 的 宗祠 里 最多 只有 小小的 一角 ,1.801521325598905e-17
 更 多 的 名字 留给 他 的 只有 彻底 的 陌生 ,5.225222598747733e-22
 他 在 日记 里 回忆 说 ,2.6679755231899183e-11
 某种 让 人 窒息 与 压抑 的 氛围 几乎 要 将 他 压垮 在 地 ,1.2205559629081222e-30
 不敢 再 踏 近 一步 ,1.0176738875153625e-08
 但 强烈 的 好奇 与 了解 家族 历史 的 热情 仍然 驱使 着 他 继续 一趟 究竟 ,2.6091361125335293e-34
 于是 他 向着 三 面 排列 祖先 的 牌位 台阶 各 行 了 一次 大 礼 ,1.051528756690235e-31
 然后 走近 了 一些 ,2.941481437014641e-06
 想要 详细 地 看一看 ,1.1444601497224143e-06
 这个 举动 揭露出 了 另 一个 不 那么 起 眼 ,1.0703866504309105e-19
 但 却 同样 古怪 的 异状 ,1.753877239393855e-12
 当 劳 铭 昌 靠近 审视 那些 腐朽 得 已经 看不出 颜色 的 牌位 时 ,1.069815296761608e-22
 他 发现 虽然 这些 牌位 上 写 着 辈分 与 名字 的确 是 劳 家 的 列 祖 列 宗 ,2.5020797249104516e-37
 但 那些 牌位 并非 是 宗祠 里 供奉 的 往生 牌位 ,1.261682328349445e-18
 而是 通常 为 供奉 活人 准备 的 长生 牌位 — — 即使 那些 按照 辈分 本该 活在 数百 甚至 上千 年前 的 祖先 也是 如此 ,3.668920541110997e-38
 这种 违反常理 的 行为 让 劳 铭 昌 陷入 了 深深 的 困惑 ,1.12566706625328e-22
 难道 自己 的 曾祖父 和 其他 家人 是 如此 的 沉迷于 长生不死 的 理念 ,2.344867309852345e-28
 甚至 拒绝 相信 祖先 们 已经 死亡 的 事实 ,6.4443314376392024e-18
 反而 努力 用 这样 一种 古怪 的 方式 进行 自我 催眠 ？ 想到 这里 ,4.283460033702468e-27
 劳 铭 昌 甚至 觉得 有些 可怜 自己 的 祖先 了 ,3.224815679064843e-15
 因为 他 在 那 一排排 长生 牌位 里 看到 了 自己 的 曾 曾祖父 — — 劳 格 林 的 父亲 — — 劳 修 文 ,8.04457011749951e-44
 而 他 记得 劳 修 文 在 光绪 二 十三年 ,2.610782420288987e-18
 也 就是 劳 家 从 即 墨 搬家 到 青岛 的 一 年前 ,2.693643546405002e-25
 就 已经 去世 了 ,9.026505821175179e-07
 带 着 满 腹 的 疑问 离开 这个 古怪 而 又 阴森 的 地下 祠堂 后 ,6.238093583373368e-29
 劳 铭 昌 与 罗 广 胜 又 检查 了 祠堂 门前 的 通道 ,4.236085429294246e-24
 这条 通道 的 证实 了 劳 铭 昌 的 部分 猜想 ,5.001459308218699e-19
 因为 它 的 一端 就 连接 着 德 占 时期 下水道 系统 的 某个 废弃 角落 ,2.375605062249524e-29
 而 另一端 则 以 一个 非常 平缓 的 角度 逐渐 向下 延伸 ,6.863844649892522e-22
 经过 几处 弯折 后来 连接 上 了 一处 通往 海里 的 地下 洞穴 ,3.002916726381258e-21
 这座 洞穴 似乎 是 天然 形成 的 花岗岩 裂隙 ,1.926306647861693e-16
 当 劳 铭 昌 与 罗 广 胜 抵达 洞穴 的 时候 已经 开始 涨潮 了 ,8.955676039868347e-26
 他们 看到 了 一段 长长的 黑色 泥泞 滩 涂 和 反复 拍打着 滩 涂 的 黑色 水面 ,2.879170540739328e-26
 那种 无处不在 的 臭味 里 模糊地 混杂 一股 海水 特 有的 腥味 ,4.275772610709173e-17
 虽然 洞穴 的 后 半 段 是 淹没 在 水里 的 ,1.1332917067446768e-23
 但 劳 铭 昌 觉得 在 落潮 时候 它 肯定 通向 某个 位于 青岛 海 滨 地带 ,7.97944371620819e-27
 暴露 在 水 面上 的 隐秘 洞穴 — — 当年 劳 家 的 祖先 们 肯定 就是 利用 这条 通道 绕过 所有人 的 耳目 ,1.2054201231938135e-45
 暗中 开展 他们 的 走私 生意 或者 其他 需要 秘密 出海 的 勾当 ,1.1593663004949308e-25
 至于 他们 是 如何 发现 这 处 天然 出 海口 的 ,1.618251547206367e-22
 劳 铭 昌 就 很难 去 猜测 了 ,1.9120937854508276e-10
 对于 劳 铭 昌 而言 ,0.00020787878787878778
 这次 探索 揭开 了 他 的 许多 疑问 ,9.050024927767376e-15
 那种 出现 在 房间 里 闻到 的 臭味 肯定 就是 从 德 占 时期 的 下水道 网络 里 飘 上来 的 ,4.075511043340118e-41
 而 那些 鬼祟 的 声音 则 肯定 说明 了 某些 人 还 在 利用 这条 古老 的 地下 通道 从事 一些 隐秘 的 活动 — — 这 让 劳 铭 昌 对 居 家 的 安全 有 了 担忧 ,6.746976894409914e-78
 为此 他 还 特意 加固 了 通向 地底 通道 的 那扇 活 板门 ,7.432171045165723e-22
 并且 为 那个 小 单间 也 上 了 锁 ,5.3048508636414616e-20
 但 探险 最大 的 意外 收获 是 他们 从 地底 的 劳 家祠 堂 里 取出 来 的 三个 桐油 纸 包裹 ,1.2478366437174985e-39
 从 包装 的 方式 来看 ,1.1065590466272846e-10
 那 三个 包裹 只是 一种 简单 的 防潮 措施 ,9.527587813109878e-16
 并非 是 为 长久 保存 而 准备 的 ,2.006744058458942e-14
 所以 包裹 中 手稿 的 保存 状况 也 相当 勉强 ,1.336636075445036e-21
 需要 精心 修复 ,3.652355396541443e-05
 纸 页 上 的 题字 与 内容 都 说明 这些 手稿 应该 是 他 的 曾祖父 劳 格 林 留下 的 ,3.6085934596282625e-38
 其中 的 一部分 内容 是 劳 格 林 在 研究 那些 箱子 里 的 朽 烂 古书 时 留下 的 笔记 ； 另 一部分 则 好 像是 劳 格 林 与 各式各样 的 人 进行 交谈 时 留下 的 笔记 ,2.4569136542677e-80
 有些 对话 记录 非常 简单 ,8.843898741227005e-09
 仅仅 以 “ 某 月 某 日 问 某 某 ,1.0418274176930263e-20
 答 曰 某 某 ” 的 形式 一笔 带 过 ； 有些 则 非常 详细 ,1.057638159021163e-27
 不仅 包括 了 前因后果 ,2.291593169468533e-08
 还 附带 了 一些 劳 格 林 的 评论 与 考据 ,2.131988121460949e-22
 这些 交谈 的 主题 非常 广泛 ,1.1304091815511248e-12
 有些 似乎 与 古 书中 的 某 部分 内容 有关 ,1.69461370812538e-21
 有些 则 是 一些 荒诞不经 的 奇怪 见闻 ,2.0910185065034037e-15
 还有 相当 一部分 则 牵涉到 整个 长生 密 教 的 历史 与 秘密 ,2.426933476373298e-22
 但 真正 让 人 困惑 的 并非 是 对话 的 内容 ,7.194938781648681e-24
 而是 那些 与 劳 格 林 对话 的 人 ,2.329267118869396e-15
 这些 人 当 中有 许多 劳 氏 的 先祖 ,1.989376004018415e-17
 也 有 许多 看起来 与 劳 家 完全 没有 关系 的 人 ,2.464563023947421e-23
 但 他们 都 有 一个 共同 的 特点 ,3.4290205840437974e-15
 他们 所 生活 的 年代 要 远比 劳 格 林 古老 得 多 ,2.206674033513598e-24
 有 几页 手稿 里 记叙 了 劳 格 林 与 一个 出生 在 明朝 初年 名叫 孙 睦 的 御 史 谈论 一颗 传说 中 名叫 “ 幽 阁 司 ” 的 星星 — — 据说 那 是 一颗 运行 在 五 纬 之外 不会 发光 的 星星 ,1.8507527201173118e-84
 凡人 的 眼睛 根本无法 看见 它 ； 还有 几页 手稿 则 记录 了 劳 家 一位 祖先 劳 攸 谈论 东 汉 年间 自己 拜见 某个 名叫 “ 玄 君 ” 的 隐士 时 的 所见所闻 ,3.1441749332136637e-58
 这些 奇怪 的 内容 让 劳 铭 昌 陷入 了 深深 的 困惑 ,2.206103104681139e-23
 这些 文字 无疑 都 是 曾祖父 劳 格 林 借着 一 问 一 答 的 口吻 写下 的 离奇 故事 或 怪谈 — — 考虑 到 劳 家人 一贯 的 渊博 学识 ,2.1093500453910526e-58
 这 似乎 并 不是 什么 难事 ,1.388702362555873e-11
 但 真正 让 他 琢磨不透 的 是 曾祖父 写下 这些 故事 的 用意 ,5.5093353786100584e-27
 或许 它们 能 当作 一种 向 信 众 宣扬 长生不老 的 证据 — — 毕竟 劳 家 的 许多 祖先 都 曾 宣称 自己 的 学识 是 由 那些 长生不老 的 人 所 传授 的 ,6.858046660238782e-67
 但 这些 手稿 实在 过于 随意 和 零散 ,3.0331453598995287e-15
 而且 夹杂着 一些 非常 可疑 又 没有 头尾 的 笔记 ,5.277857251480409e-19
 似乎 并 不是 对外 公开 的 内容 ,7.677387000646406e-13
 另一方面 ,1
 许多 对话 内容 似乎 都 隐藏 着 更深 层 的 联系 ,7.625561841897242e-21
 似乎 只有 具备 某些 背景 知识 的 阅读者 才能 看出 其中 的 端倪 ,2.7112719339803624e-25
 在 所有 这些 的 对话 形式 表现 的 故事 中 ,3.6958824589206526e-23
 劳 铭 昌 最 感兴趣 的 是 劳 格 林 与 一个 名叫 劳 巿 的 人 展开 的 几次 对话 — — 他 甚至 还 在 日记 里 讨论 了 曾祖父 写下 这个 故事 的 用意 ,4.317055546050206e-69
 劳 铭 昌 认得 这个 “ 劳 巿 ” 名字 ,1.8513181910154305e-11
 因为 在 那座 位于 地下 的 劳 家 祠堂 里 ,3.632891423056491e-18
 供奉 在 最 尊贵 位置 上 的 一世 祖 — — 也 就是 整个 劳 氏 所 承认 的 始祖 — — 就是 劳 巿 ,5.230048201030306e-41
 而 曾祖父 与 这位 始祖 的 “ 对话 ” 则 以 一种 神话 般的 方式 揭露 了 劳 氏 家族 ,5.903861723098122e-38
 乃至 整个 长生 密 教 的 起源 ,1.6303289468968733e-11
 在 谈话 里 ,4.449376088508077e-06
 劳 巿 自称 幼时 曾 随 方士 学习 过 鬼神 之 术 ,5.9033202925642356e-15
 后来 经 人 举荐 ,3.0621391050340494e-08
 去 朝廷 里 做 了 官 ,3.420398684218073e-11
 还 得到 了 皇帝 的 信任 ,2.4033380401633474e-13
 有 一日 ,0.0002652017427543095
 皇帝 问 他 延年益寿 的 方法 ,3.018797120862584e-10
 他 便 将 古书 里 记载 的 灵 山 与 仙人 告诉 了 皇帝 ,2.802866937339772e-29
 皇帝 听 了 大 悦 ,2.1693540091976423e-09
 便 命令 他 寻访 那些 隐居 的 仙人 求 取 长生不老 的 灵药 ,1.898514366544575e-24
 这桩 差事 他 一直 做 了 八年 ,3.9933804724053036e-11
 却 始终 没有 结果 ,7.128712542044855e-08
 在 一次 出海 寻访 灵 山 的 过程 中 ,7.406211256602594e-14
 他 的 船队 遭遇 了 风暴 ,8.624113659732741e-12
 被 吹 到 了 一座 荒 岛上 ,3.153164443604036e-12
 船只 损坏 得 厉害 ,2.5716963448922204e-05
 不能 再 航行 ,2.770083102493074e-05
 所以 劳 巿 只好 一面 命令 水手 们 修 船 ,2.998277233187726e-12
 一面 差 几个 随从 去 岛 寻找 些 补给 ,9.743296168702901e-14
 大约 过 了 半日 ,7.191591306297033e-08
 那 几个 随从 带 回来 了 一样 奇怪 的 东西 ,1.892932045283716e-16
 那 东西 有 瓦罐 那么 大 ,4.843798222759905e-10
 通体 漆黑 ,0.19999999999999998
 光溜溜 的 ,1.4
 既 没有 口 眼 也 没有 四肢 ,1.176900039599408e-13
 摸 起来 像是 肉 一样 ,1.1420428249411493e-07
 但 却 更 柔软 些 ,6.4992749045108714e-09
 最 让 人称 奇 的 是 ,1.4712664354610787e-09
 有 随从 拿 刀 从 上面 割 了 一块 下来 ,4.29159040618224e-19
 却 没有 见 血 ,5.101969755177119e-07
 而且 不一会儿 割 过 的 地方 又 重新 生长 了 出来 ,2.537788456907921e-21
 完好 如初 ,0.1076923076923077
 劳 巿 问 那 几个 随从 这 东西 的 来历 ,3.8202858400289404e-16
 他们 便 回答 说是 在 一片 浅 湾 里 寻 见 的 ,2.5955938940500506e-18
 还 说 那 水里 大大小小 有 许 多个 ,1.5271352241197564e-14
 还有 海鸟 在 啄食 ,1.365544252989566e-07
 他们 不 知道 这是 什么 ,2.7196544717845804e-08
 于是 就 捡 了 一个 回来 ,8.460584108977317e-12
 劳 巿 细细 查看 了 一番 ,1.5126564714882507e-06
 突然 想起 古书 里 提 过 一种 名叫 “ 太岁 ” 的 奇 物 与 眼前 之物 甚 是 相似 ,4.116960458360735e-39
 书中 说 太岁 取 之 无尽 ,2.602536454140551e-09
 寻 复 更生 ,0.024499999999999997
 食 之 可 脱胎换骨 ,2.157117386806365e-07
 他 便 从 那 东西 上面 割下来 吃 了 一块 ,4.773023344515898e-19
 但 却 觉得 没有 什么 味道 ,6.478327559649009e-12
 随从 们 见 他 吃 过 无恙 ,2.34798000428034e-13
 于是 就 将 那 东西 分 食 了 ,1.6108944381872657e-15
 他们 又 花 了 十几 日 才 将 船 修好 ,1.4350612765393817e-21
 劳 巿 惦念 太岁 ,0.4573333333333332
 每日 都 去 浅 湾 边 查看 ,8.636598417620311e-11
 却 未 再 见过 ,4.193946167093906e-08
 待 到 了 他们 起航 那 一日 ,1.61018657499366e-11
 劳 巿 又 一个 人去 浅 湾 边 查看 ,3.1899976873201906e-09
 却 仍旧 一无所获 ,0.00027636773829667224
 可 当 他 回来 时 却 发现 十几个 水手 与 随从 全都 不知 了 去向 ,2.1246892608140615e-28
 船上 空无一人 ,0.07368421052631578
 而 食物 ,0.0006003430531732418
 淡水 和 日用 的 衣物 也 都 还 在 原处 ,1.9898757958914076e-21
 颇为 可疑 ,0.06363636363636363
 于是 他 便 大声 去 唤 其它 人 ,2.040815998183311e-13
 却 又 听见 船 边 的 水里 传来 吵闹 人声 ,9.120619418864223e-16
 就 探 头去 看 ,1.831091180866965e-05
 但 水里 的 不是 水手 ,3.864350600565148e-10
 而是 个 怪物 ,1.2168622338113863e-05
 它 全身 漆黑 ,8.910711038370611e-05
 通体 光滑 ,0.19999999999999998
 没有 头尾 ,0.0009043927648578811
 一团 浑 沌 ,0.025128205128205128
 浑身上下 有 一 千 只 眼 ,6.508735776698333e-11
 可 察 四面八方 ,0.0026029216467463477
 又 有 一 千 张嘴 ,1.565363949490027e-09
 可 说 千百 人 言 ,1.2647442649182977e-10
 他 听见 的 吵闹 人声 就是 从 怪物 嘴里 发出 来 ,2.1699375059854174e-20
 那 怪物 望见 了 劳 巿 ,6.789373637724619e-10
 便 陡然 暴 起 ,0.0019670250896057346
 攀 上 船舷 ,6.592445595506375e-05
 如同 泥水 一样 漫 了 进来 ,2.8667959883277876e-09
 船上 地方 狭小 ,0.00015582763555414215
 劳 巿 无处 可 避 ,0.000170057547587428
 只得 跪 地 求饶 ,1.0838310108383097e-05
 说来 奇怪 ,0.4666666666666666
 那 怪物 竟 也 没 害 他 ,3.492137422776368e-12
 反而 开口 说起 话 来 ,1.6347393044552405e-05
 如 千万 人 异口同声 一般 ,2.7404335215169966e-08
 那 怪物 叫 劳 巿 无需 害怕 ,4.5456512449356006e-08
 又 告诉 劳 巿 ,9.317360714964819e-07
 他们 前几日 吃 的 乃是 它 的 肉 ,2.1392513723052207e-15
 有 脱胎换骨 之 效 ,4.1025683961992625e-07
 其他 水手 都 已 化作 仙人 去 了 海中 灵 山 ,8.330985180318924e-16
 而 它 就是 来 接 劳 巿 的 ,8.45560810371825e-14
 劳 巿 将信将疑 ,0.3266666666666666
 便 问 它 究竟 是 何 物 ,4.28705395671804e-15
 那 怪物 便 回答 说 ,2.3898595204790667e-08
 自己 乃是 阳 遂 神 所 造 之物 ,4.7808498547626334e-12
 当年 混沌 初 开 ,1.1965811965811962e-05
 天地 始 成 ,0.0022272727272727266
 阳 遂 神 自 星宿 降临 凡间 ,2.9114643750908666e-08
 见 地上 没有 活物 ,9.37145027291275e-08
 便 用 土 和 水 造 了 它 ,7.071316337147805e-18
 而后 又 从 它 身上 取 了 一块 造 了 世间 所有 活物 ,2.547668676802676e-26
 故 它 也是 万物 始祖 ,2.456014729950899e-05
 劳 巿 连忙 跪下 拜 了 一拜 ,8.048563385070502e-08
 转而 问 怪物 那 阳 遂 神 如今 在 又 何处 ,3.709421621326571e-20
 怪物 便 又 答 说 ,1.026749708416954e-08
 阳 遂 神 去 了 南 终 之地 ,1.9360677612197003e-12
 这 世上 没有 活物 可 去 那里 ,4.427655069330444e-13
 它 自己 也 已有 千万年 未见 过 阳 遂 神 了 ,1.1121594983350854e-15
 随后 怪物 又 反问 劳 巿 ,9.662448148852402e-08
 他 找 阳 遂 神 所 为何 事 ？ 于是 劳 巿 便 将 皇帝 下令 寻找 仙 药 的 事情 一五一十 地 交代 了 ,1.0347479663963217e-40
 说 阳 遂 神 既然 能 造 世间 万物 ,1.2912756170717862e-13
 定然 有 办法 让 凡人 长生不死 ,6.102145845289701e-10
 哪 知道 怪物 却 取笑 他 说 ,9.713827567213095e-11
 当年 万物 生灵 被 阳 遂 神 从 它 身上 取下 来 后 ,6.487178202642594e-20
 便 固定 了 形状 ,1.0450003663594577e-08
 所以 鱼 才是 鱼 ,0.00024927325581395346
 鸟 才是 鸟 ,0.05297297297297297
 人才 是 人 ,7.746253646637067e-06
 活物 的 身体 有 了 损坏 ,3.6073447413155735e-12
 也 不 能够 替代 ,7.111039659730715e-08
 长此以往 ,1
 即便 再 结实 的 石像 也 有 粉碎 的 一天 ,2.870366735739318e-20
 哪 有 肉体 凡胎 长生不死 的 道理 ,2.23889640979216e-10
 怪物 又 说 ,0.0001345840992161585
 若 想要 长生不死 ,0.0007256571640133283
 唯有 褪 去 肉体 凡胎 ,6.6555786555786536e-06
 回归 初 源 ,8.740245261984391e-05
 方可 有 万 千般 变化 ,2.357094306147134e-07
 才能 久 而 弥 新 ,8.617604822700223e-08
 长生不死 ,1
 劳 巿 连忙 跪下 求 怪物 赐 长生不死 之 法 ,4.219520153913496e-09
 那 怪物 便 回答 说 ,2.3898595204790667e-08
 古 时候 有个 大 彭 国 ,7.931451539802287e-11
 那里 的 国君 与 它 熟识 ,1.834605955080371e-12
 它 便 给 国君 吃 了 自己 的 肉 ,2.7005489064322317e-17
 那 国君 便 活 了 八 百岁 ,1.660059130698523e-13
 直到 后来 大 彭 国 被 楚人 灭 国 ,1.5667210587927894e-16
 国君 才 心灰意冷 随 它 一同 去 海中 灵 山 去 了 ,1.3246505609627747e-16
 劳 巿 自己 也 曾 在 书上 读过 大 彭 国 之事 ,4.3213881483949795e-20
 却 知道 得 并不 详细 ,9.82581431922141e-09
 于是 那 怪物 就 为 他 引见 了 大 彭 国 的 国君 ,1.235921838545214e-29
 劳 巿 问 了 些 书中 所述 之事 ,7.67569956597047e-09
 对方 应答 如 流 ,0.0001563532763532763
 劳 巿 始 信 不 疑 ,9.4612433538523e-08
 便 恳求 那 怪物 赐 他 长生不死 之 法 以 复 皇 命 ,8.709644940304124e-21
 怪物 见 他 执意 如此 ,1.6386009576860663e-08
 便 驼 着 船 载 他 渡 了 海 ,3.6861536660189484e-18
 回到 陆上 ,0.010144927536231883
 又 从 身上 取 了 一块 肉 给 他 ,8.396218756894398e-18
 临别 前 ,0.19999999999999998
 怪物 告诫 劳 巿 ,0.000604938271604938
 将 肉 献给 皇帝 服下 即可 ,1.519580365897379e-08
 但 时辰 一到 ,0.0001414141414141414
 它 便会 来 寻 服用 之人 ,1.2397406244569169e-08
 接 他们 去 海中 灵 山 ,5.913262099308608e-09
 但 它 若 不能 接应 ,2.885161730979275e-09
 纵然 脱胎换骨 也是 枉 然 ,3.841599999999999
 因此 万万 记得 要来 海边 寻 它 ,1.998060514659927e-07
 说 罢 ,0.002760433782451528
 怪物 便 回 海里 去 了 ,4.061050297609436e-09
 劳 巿 磕头 谢 过 之后 ,4.587798944290328e-06
 连忙 带 着 太岁 日夜 兼 程 赶往 国都 ,1.5347494057447928e-10
 可 路 走到 一半 ,1.3466704750350652e-06
 却 听说 皇帝 已经 驾崩 了 ,1.4739456736068698e-09
 而 继 位 的 皇帝 又 将 先 皇 之 死 怪罪 在 鬼神 之 术 头上 ,6.490920355105352e-33
 大肆 搜捕 曾经 在 朝 中 游说 的 方士 ,2.1572937283357108e-17
 无奈 之下 ,0.09999999999999999
 劳 巿 只得 暗中 找到 自己 的 家人 ,2.2171481090381184e-09
 隐姓埋名 ,1
 迁 往 别处 ,0.002028985507246376
 这才 有 了 后来 了 劳 氏 家族 与 长生 密 教 ,3.9303878031859534e-20
 在 详细 阅读 过 那些 手稿 后 ,1.0476459598753384e-13
 劳 铭 昌 觉得 曾祖父 在 写下 这个 奇怪 的 故事 时 一定 受到 了 那些 古籍 的 影响 ,5.861006761817997e-34
 因为 手稿 中 有关 古籍 研究 的 部分 里 也 非常 频繁 地 提到 了 某种 与 故事 里 的 怪物 非常 类 似的 东西 ,2.952236997206782e-51
 在 那些 模糊不清 的 古籍 里 ,1.9261568531652023e-12
 这种 东西 往往 被 称为 “ 太岁 ” ,4.562655822296056e-13
 “ 聚 肉 ” ,3.350202776395086e-07
 或者 “ 视 肉 ” ,2.034974576632904e-09
 虽然 名字 千变万化 ,5.419454736492837e-05
 但 古籍 里 关于 它 的 叙述 却 大同小异 ,1.0126402045781717e-19
 根据 那些 晦涩 难懂 的 古老 文字 ,2.2861280444624553e-12
 这种 东西 乃是 远古 的 神灵 用 水 与 土 制作 的 ,1.5672957291600526e-22
 有 一部分 古籍 认为 它 是 神灵 用来 创造 万物 生灵 的 原料 ； 还 有些 古籍 则 认为 它 已 臻 大成 ,1.3092986443003374e-43
 因为 天地间 的 一切 活物 都 是从 它 身 上取 下来 的 ,2.3196653307160667e-19
 但 几乎 所 有的 古籍 都 声称 这种 东西 长生不老 ,3.0793603964813007e-20
 即使 被 割 掉 身上 的 肉 也 不会 死 ,2.561015130665241e-19
 而且 所 割 之处 自会 复生 ； 更 有 许多 古籍 认为 若是 吃 了 这种 东西 的 肉 ,2.47369783215337e-33
 人 就 能 脱胎换骨 ,5.515711148055091e-08
 化为 完人 ,0.06363636363636363
 从而 长生不死 ,0.007407407407407407
 对于 一心 追求 长生不死 的 劳 家 成员 来说 ,1.7657455560975972e-16
 这样 的 传说 自然 有着 非常 大 的 诱惑 力 ,9.009656247595134e-19
 所以 劳 铭 昌 也 很 清楚 自己 的 曾祖父 为何 会 编造出 这样 一个 故事 来 — — 此外 它 也 与 那些 摆在 劳 家 祠堂 里 的 长生 牌位 形成 了 某种 奇怪 的 对应 ,2.1357219966363487e-66
 因为 根据 故事 的 说法 ,6.680852631480947e-11
 劳 家 的 人 始终 掌握 着 长生不死 的 秘密 ,2.4766084619461807e-19
 而 所 有的 祖先 并 没有 死去 ,4.328464698766117e-13
 只是 随 怪物 去 了 海中 灵 山 罢了 ,1.3750200922653293e-14
   但 以 现今 的 观点 来看 ,1.357061127345173e-12
 这 只是 祖先 们 一厢情愿 的 迷信 与 幻想 而已 ,2.2713199952713594e-20
 不论 如何 自我 催眠 与 妄想 ,5.172638049036655e-10
 劳 家 的 祖先 们 肯定 都 没有 想到 自己 最终 会 落得 暴 毙 而 亡 的 结果 ,1.1066218225757363e-33
 仅仅 只有 远 走 他 乡 的 小 儿子 能够 幸 免于 难 ,1.1051370917656972e-24
 将 劳 氏 的 血脉 延续 下去 ,3.492989748101066e-11
 出乎 劳 铭 昌 预料 的 是 ,3.076956705154954e-05
 年轻 的 罗 广 胜 却 对 这个 故事 非常 着迷 ,1.4938510210731212e-23
 他 甚至 告诉 劳 铭 昌 ,2.887135951516316e-09
 手稿 里 的 故事 很 可能 是 真实 的 — — 或者 部分 是 真实 的 ,4.579829944872713e-29
 许多 材料 都 表明 ,3.002878122982304e-08
 远远 早 在 劳 格 林 之前 ,6.708559035149812e-11
 长生 密 教 里 就 已经 流传 着 关于 “ 太岁 ” 的 传说 了 ,1.519713982689715e-27
 而且 更 重要 的 是 ,1.1541032186217032e-07
 罗 广 胜 声称 他 自己 就 见过 “ 太岁 ” ,9.242727953745001e-21
 时至今日 ,1
 我们 已经 很难 去 揣测 罗 广 胜 的 意见 究竟 对 劳 铭 昌 产生 了 怎样 的 影响 ,3.545451937700723e-35
 但 可以 确定 的 是 ,2.5714592464816012e-09
 2012 年 十一月 — — 在 他们 发现 手稿 的 两个 月 后 — — 劳 铭 昌 应 罗 广 胜 的 邀请 参加 了 一次 奇怪 的 集会 ,3.575879247036726e-56
 并且 亲眼见到 了 曾祖父 在 手稿 里 反复 提起 的 太岁 ,5.093810080862651e-23
 在 出发 前 ,1.5345092336744394e-06
 罗 广 胜 告诉 他 ,2.0385679175943971e-07
 参加 集会 的 人 对于 长生 密 教 以及 太岁 本身 都 有 相当 的 了解 ,1.8746344696141925e-28
 而且 他们 还 想 办法 找到 了 古籍 中 记载 的 太岁 ,2.121507169058493e-26
 参加 集会 的 有十 来 个人 ,1.5201196928663488e-11
 所有人 都 表现 得 非常 友善 ,6.792668743777664e-10
 尤其 在 罗 广 胜 向 其他人 介绍 过 劳 铭 昌 的 家世 后 ,4.316208538312523e-27
 他们 的 言语 间 更是 多 了 许多 的 尊敬 ,4.7282111899860655e-21
 这 让 一直 习惯 深居简出 的 劳 铭 昌 颇 有些 高兴 与 得意 ,9.690554771716817e-25
 他们 热情 地 邀请 劳 铭 昌 介绍 了 在 家族 历史 与 “ 长生 道 ” 方面 做出 的 研究 ,4.4904221935513996e-42
 并且 就 其中 的 细节 提出 的 许多 问题 ,7.505547472017815e-19
 他们 也 让 劳 铭 昌 参观 了 他们 找到 的 太岁 — — 那 是 一团 保 存在 水里 的 黑色 物体 ,4.7218272496395914e-39
 个头 约 有 一个 瓦罐 那么 大 ,1.1225290843069435e-08
 外形 接近 球形 ,0.0035125448028673826
 表面 光滑 ,0.02222222222222222
 没有 突出 的 部分 ,7.305745904628878e-08
 也 看不出 任何 的 器官 或 肢体 ,1.1398181170160326e-14
 与 古书 和 劳 格 林 手稿 里 描述 的 相仿 ,3.25711880008619e-22
 当 有人 用手 去 捞 那个 东西 的 时候 ,7.4504511562943e-15
 劳 铭 昌 注意 到 它 似乎 非常 的 柔软 ,7.601688040783088e-17
 更 像是 一种 半 流动 的 粘稠 物质 ,1.2645843063727806e-15
 在 外力 的 作用 下 改变 形状 ,1.594352025134443e-14
 靠近 些 看 后 ,1.4112438695237151e-06
 他 发现 那 东西 的 表面 似乎 隐约 有些 透明 ,1.3070856422064017e-20
 下面 隐约 有 某些 东西 流动 的 痕迹 显示 这 似乎 是 某种 有 生命 的 东西 ,9.79143682795448e-35
 但 不论 如何 ,2.106168063614872e-05
 它 肯定 不是 动物 ,8.30190469413411e-08
 因为 劳 铭 昌 没有 看到 它 对外 界 的 刺激 作出 过 任何 反应 ,4.883879960761916e-27
 其中 一个 参 会 的 人 告诉 他 — — 这是 一种 非常 古老 的 粘 菌 复合 体 ,8.363078594487964e-35
 是 一团 原生质 的 集合 ,3.542588789406142e-10
 事实上 中国 的 古籍 中 对 这种 东西 早有 诸多 记载 ,1.0298928805447337e-20
 并 认为 它 有 延年益寿 甚至 长生不死 的 效用 ,1.0093506388119516e-18
 那位 介绍 者 也 解释 说 ,6.645043239383395e-11
 这 并不 意味着 它 真的 能够 让 人长 生 不 老 ,7.23285657904161e-20
 但 不可 否认 的 是 ,2.004706188477797e-08
 现今 的 科学 仍然 存在 有 许多 未解 之谜 ,2.189571896636826e-15
 所以 似乎 也 没有 道理 完全 否认 古人 总结 出 的 许多 经验 ,2.0039645849463356e-24
 也许 是 那个 群体 的 友善 与 尊敬 打动 了 劳 铭 昌 ,2.5915071028772658e-23
 又 或者 是 祖先 与 长生 密 教 念念不忘 的 神秘 太岁 勾起 了 他 的 兴趣 ,3.2836538257788737e-28
 在 随后 的 两个 月 里 ,6.866386562549745e-13
 劳 铭 昌 又 应 其他人 的 邀请 ,2.3265909613619782e-12
 参加 了 好几 次 这样 的 集会 ,3.3079134106615846e-14
 并且 结识 了 一些 新 的 朋友 ,6.024739187517435e-11
 聚会 上 他们 主要 在 讨论 各类 古籍 与 神话传说 中 对于 “ 太岁 ” 的 描述 ,2.335408834688128e-37
 因此 劳 铭 昌 手中 那些 由 曾祖父 写下 的 离奇 故事 与 研究 笔记 也 都 成为 了 其他人 争相 传阅 的 至 宝 ,1.5664051475484226e-48
 集 会上 的 有些 活动 偶尔 也 会 带上 些许 古怪 的 迷信 与 神秘主义 色彩 ,1.0301839825803151e-30
 许多 人 都会 效仿 古人 吞下 从 太岁 上 割下来 的 一小块 肉 ,8.901078621394218e-18
 来 体验 太岁 的 功效 ,2.436534707708633e-09
 并 与 其他人 分享 自己 的 经历 ,1.9160773202407745e-12
 甚至 就 连 劳 铭 昌 也 在 气氛 的 驱使 与 他人 的 鼓动 下 ,2.3802793667432455e-30
 吞下 过 一小块 太岁 ,0.00038855848201642585
 但 根据 日记 里 的 描述 ,3.069657617870362e-12
 那种 东西 没有 什么 味道 ,1.2259482747434166e-09
 就 像是 某种 怪异 胶 冻 ,8.90377115745777e-08
 他 本人 对于 太岁 真正 的 效用 抱 有 强烈 的 怀疑 ,3.0932266764650657e-22
 因此 并 没有 再 尝试 ,4.615296455304357e-10
 他 更 感兴趣 的 还是 太岁 本身 — — 正如 古籍 里 描述 的 一样 ,2.1763761867207202e-29
 虽然 那些 成员 经常 吞食 太岁 上割 下 的 小块 肉片 ,1.4271076586025105e-15
 但 那团 东西 的 大小 始终 没 有太大 的 变化 ,8.283817903061237e-19
 因此 劳 铭 昌 不由得 开始 怀疑 这一 现象 是否 就是 激发 人们 认为 服用 太岁 能够 长生不死 的 源泉 ,2.5788743765066333e-32
 然而 随着 参与 次数 的 增加 ,2.474791391758941e-12
 这种 集会 的 形式 与 目的 却 变得 愈发 离奇 起来 ,3.825332007819092e-21
 在 某些 时候 关于 太岁 的 讨论 会 演变成 一些 荒诞不经 的 奇想 ； 人们 会 不 自觉 地 在 太岁 前 展现出 疯狂 而 又 痴迷 的 崇拜 ,2.6980369848070642e-58
 而 当 劳 铭 昌 谈起 这些 行为 时 ,4.255412452414523e-12
 他们 又 会 瞬间 恢复正常 ,1.5183612776041802e-09
 和蔼 而 又 热情 地 打消 他 的 顾虑 ,2.359103761322833e-16
 这些 反常 的 举动 让 劳 铭 昌 产生 了 一丝 疑虑 ,4.604990816392544e-19
 似乎 他 之前 所 看到 的 一切 只是 某种 安抚 他人 ,1.3153022327339806e-21
 消除 戒心 的 伪装 ,4.372236679496567e-07
 而 在 这 层 伪装 下面 还 掩盖 着 许多 更加 神秘 与 不祥 的 本质 ,3.741261089901007e-32
 劳 铭 昌 不由得 想起 了 那个 绵延 了 千年 ,1.0748335181754268e-13
 历经 无数 朝代 更迭 ,0.002613333333333333
 传说 中 由 劳 家 始祖 创建 的 长生 密 教 ； 在 百年 之前 ,1.646175216767741e-28
 他们 是否 也是 这样 崇拜 着 一团 浸没 在 水里 的 离奇 肉块 ,5.3975709535577295e-24
 恳请 它 赐 予 自己 虚无缥缈 的 长生 吗 ？ 在 那个 在 劳 氏 家族 消失 之后 ,2.2267417167599333e-29
 这个 长寿 的 教派 又 去 了 哪里 呢 ？ 它 是否 活 到 了 当下 ,3.2847854340272374e-33
 而 这种 神秘 的 集会 又 是否是 它 变化 出 的 最新 面貌 呢 ？ ,1.3548931600063427e-29
 但 真正 让 劳 铭 昌 开始 恐慌 的 则 是 有形 得 多 的 恐惧 — — 在 有 一次 聚 会上 ,1.3566759318165858e-42
 有 一个 人 拿出 了 一个 模样 非常 古怪 的 哨 笛 展示 给 了 劳 铭 昌 ,8.708538122722023e-32
 他 告诉 劳 铭 昌 ,1.0345570492933465e-06
 这是 清 末 时期 “ 长生 道 ” 教派 里 用来 供奉 太岁 的 礼 器 ,7.280729835860975e-30
 当 他 吹 起 那 只 哨 笛 的 时候 ,2.217658770367969e-17
 劳 铭 昌 感到 了 前 所 未 有的 惊骇 — — 因为 他 认出 了 那个 声音 ,3.69690768050948e-31
 在 他 刚 搬进 劳 家 老 宅 时 ,1.4195467281595693e-14
 在 夜间 听到 的 细碎 人声 里 就 包含 有 这种 有 节奏 的 哨声 ,6.42572659723857e-33
 这件 事情 绕 劳 铭 昌 对 这群 人 的 目的 产生 了 怀疑 ,3.1640559848521936e-21
 难道 正是 他们 在 利用 劳 家 老 宅 下方 的 地下 通道 从事 一些 隐秘 的 活动 ？ 而 拉拢 他 的 主要 原因 又 或许 就是 希望 他 能够 为 这些 隐秘 的 活动 提供 某种 便利 ？ 那么 罗 广 胜 又 在 这 当中 扮演 了 怎样 的 角色 ？ 考虑 到 这些 人面 对 太岁 表现 出 的 狂热 ,1.6598744417203947e-129
 以及 他 对于 “ 长生 道 ” 以及 其他 劳 氏 先祖 的 了解 ,1.1190168918620982e-27
 劳 铭 昌 觉得 一张 难以捉摸 的 大 网 在 他 看不到 的 地方 慢慢 地 张开 了 ,1.2070187091246486e-29
 因此 2013 年 春节 的 时候 ,1.8990441817375421e-10
 他 以 回 济南 过年 的 借口 切断 了 自己 与 聚会 成员 以及 罗 广 胜 的 联系 ,7.387122073030242e-40
 虽然 劳 铭 昌 迅速 地 了 断 了 自己 与 神秘 团体 的 瓜葛 ,1.1595867343627956e-29
 可 位于 青岛 的 劳 家 老 宅 仍然 让 他 倍感 牵挂 ,3.1038805203719605e-24
 春节 过后 ,0.00486111111111111
 他 开始 频繁 地梦到 到 那座 房子 ,1.2010985206171628e-11
 在 梦里 ,0.0002320031817579212
 房子 并 不是 他 见到 的 那 副 模样 ,4.3688466967400094e-20
 而是 很早以前 自己 的 祖先 还 生活 在 里面 的 光景 ,1.113029817147893e-21
 甚至 他 偶尔 还会 梦到 老 宅 修建 起来 之前 ,4.814932666239092e-15
 劳 家 的 先祖 们 生活 在 小 院 平房 里 的 情形 ,6.755102799949085e-26
 不论 梦里 的 情形 真实 与否 ,3.477967469072133e-10
 它们 都 形成 了 一种 有力 的 影响 ,2.3578197860027118e-15
 让 劳 铭 昌 的 注意力 重新 回到 了 劳 家 的 老 宅 上 ,3.805338454366908e-24
 在 2013 年 4 月份 的 时候 ,4.8171403775682825e-11
 他 又 悄悄地 搬 回 了 青岛 的 老 宅 里 ,3.987879965719251e-20
 邻居们 告诉 他 ,0.0945
 罗 广 胜 和 其他 的 人 从未 去 老 宅 找 过 他 ,1.682998011709918e-26
 这 让 他 多少 放松 了 一些 ,4.5405785328918854e-13
 但 这种 宽慰 并 没有 持续 多长时间 ,5.327706226145575e-13
 因为 就 在 他 搬 回 老 宅 后 没多久 ,1.3941470907211247e-19
 他 又 在 半夜 的 时候 听到 里 地下 传来 的 细碎 人声 了 ,4.7137431160453896e-27
 那些 在 地下 通道 里 活动 的 人 并 没有 尝试 推开 通向 老 宅 的 活 板门 — — 或许 他们 已经 发现 那里 上锁 了 ,1.5130962978316992e-49
 或者 他们 根本 不想 引起 不必要 的 注意 ,1.3420960726520214e-15
 但 这 仍 让 劳 铭 昌 陷入 了 两 难 的 境地 ,3.612888414029294e-24
 一方面 他 想 向 警方 报告 这些 事情 ,2.401424099379525e-16
 另一方面 又 担心 会 招 到 报复 — — 毕竟 目前为止 ,7.287137382315876e-20
 地下 的 活动 并 没有 真正 的 威胁 到 他 ,1.194657785085609e-19
 而且 如果 他 的 推测 是 正确 的 ,1.528890757697494e-15
 那么 那些 在 地下 活动 的 人 肯定 知道 他 的 身份 ,8.20468773712386e-25
 毫无疑问 ,1
 这件 事情 让 他 的 精神 一直 处于 紧绷 的 状态 ,2.1785234007510117e-19
 他 开始 在 日记 里 想象 地下 通道 里 发生 的 事情 ,4.4295967345835546e-24
 并且 怀疑 自己 的 祖先 是不是 也 在 一百 多 年前 从事 着 相 似的 行径 ,3.391034708886392e-29
 那 是 某种 密 教 的 仪式 ？ 或者 还 包含 了 某些 更加 神秘 和 不可名状 的 意义 ？ 他 曾 在 曾祖父 的 手稿 里 看到 过 一些 隐晦 而 又 怪诞 的 内容 ,8.79540584363932e-78
 让 人 很难 判断 那 究竟 是 真实 的 情况 还是 夸张 的 奇想 ,1.4484233797121366e-27
 这些 思绪 也 严重 的 影响 了 他 的 睡眠 ,2.3236849197344313e-20
 夜晚 的 梦境 开始 变得 怪诞 起来 ,5.495044022677773e-12
 他 经常 会 梦见 一些 不可思议 的 情景 和 一些 匪夷所思 的 地方 ,1.2564804009439439e-26
 他会 在 梦中 见到 劳 家 的 先人 ,2.921354674007511e-15
 并且 听 他们 谈论 一些 自己 曾 在 书中 读过 的 琐事 ,5.221111494381816e-26
 但 每当 他 醒来 ,3.2154065246102474e-08
 梦里 发生 的 事情 就 很快 地 模糊 掉 了 ,9.181552522437757e-19
 甚至 来不及 记录下来 ,0.00032558139534883714
 但 有 一件 事情 让 他 觉得 特别 的 烦乱 — — 虽然 他 在 清醒 时 始终 没 办法 清晰 地回 忆起 梦中 的 情形 ,2.9359805413450097e-48
 但 他 敢肯定 梦中 的 祖先 总 有着 非常 怪诞 和 夸张 的 形象 ,3.563981446149768e-27
 几乎 完全 没有 了 人形 ,2.2690899902343984e-10
 但 梦中 的 他 却 又 非常 清楚 地 明白 与 自己 对话 的 就是 早已 去世 的 祖先 ,1.0137620260374046e-43
 2013 年 7 月份 的 时候 ,8.65135473047561e-07
 事情 开始 急转直下 ,9.99051920116624e-06
 甚至 变得 有些 恐怖 起来 ,3.1849329457867297e-09
 他 开始 越来越 频繁 地 梦见 自己 的 祖辈 ,2.421974026819594e-18
 甚至 偶尔 还会 梦见 一些 他 之前 不曾 听说 过 的 劳 家 先人 — — 为此 他 甚至 特地 冒险 去 地下 的 劳 家 祠堂 里 查看 了 牌位 ,5.285151751211876e-57
 按照 祠堂 里 的 记录 ,8.655897516047272e-08
 那些 出 现在 梦中 的 先祖 的确 是 真实 存在 过 的 ,9.329632414407113e-22
 但他却 始终 回忆 不起 自己 究竟 是 在 哪里 见到 这些 先祖 的 名字 的 了 ,8.166279634120376e-28
 7 月 31 日 那天 ,1.4715796957550345e-06
 事情 发展 到 了 令人 毛骨悚然 的 地步 ,3.056892373981145e-16
 那天 夜里 ,0.028571428571428567
 他 在 二楼 的 卧室 里 睡 下 了 ,3.6253790736890175e-17
 却 辗转 了 很 长时间 才 进入 梦乡 ,3.801125459793157e-15
 并且 梦到 了 一些 非常 怪诞 的 事物 ,3.650734555631012e-14
 大概 在 接近 的 午夜 的 时候 ,2.5294286726754214e-15
 他醒 了 过来 ,0.0015619023332908324
 劳 铭 昌 也 在 日记 里 承认 他 不敢 确定 自己 是否 真的 醒 了 ,2.7073722515278134e-26
 或者 后来 发生 的 事情 只是 另 一个 怪 梦 ,2.0634273647937123e-18
 他 听到 了 人 的 声音 ,8.106317547514919e-12
 就 像 以前 在 午夜 时 听到 的 一样 ,1.395837992396233e-19
 非常 嘈杂 ,0.005147058823529412
 无法 清楚 的 分辨 ,6.866271024180134e-09
 不过 以往 听到 的 声音 只是 在 耳朵 勉强 能 察觉 的 边缘 来回 反复 ,9.202111915340355e-29
 但 这一 次 他 非常 确定 ,1.6951095894001435e-12
 声音 就 来自 楼下 ,2.13785664185728e-08
 他 披上 外套 ,0.0003378145467080317
 悄悄地 打开 了 卧室 的 门 ,1.1259879051969297e-10
 却 没有 去 开 灯 ,3.6126574750311254e-10
 楼下 的 声音 还 在 继续 ,5.1147506652830256e-11
 但 除了 窗户 透进来 的 些许 月光 外 ,6.997122608006099e-14
 没有 任何 光亮 ,9.111252172017362e-05
 完全 不 像是 有人 活动 的 迹象 ,2.3072740367610055e-14
 很 奇怪的是 ,0.0011676396997497914
 他 完全 无法 分辨 说话 的 内容 ,1.664582779526281e-12
 因为 它们 听 起来 像是 几百 个人 在 各自 说 着 毫无意义 的 词句 一般 ,2.7053068332734014e-30
 那种 下水道 里 的 臭味 也 变得 非常 明显 起来 ,6.1443185099938584e-18
 浓烈 得 让 人 头昏 ,1.2802191473336798e-08
 他 勉强 支撑 着 ,1.9771754405988474e-06
 摸索 到 了 楼梯口 ,4.038460406352207e-07
 就 在 这 一刻 ,8.995862429179616e-08
 在 那 模糊 的 微光 里 ,3.944584693308379e-12
 他 瞥见 了 一幅 让 他 恐惧 得 几乎 昏厥 过去 的 景象 ,1.1806278850849034e-25
 虽然 他 后来 在 日记 里 承认 ,2.3828257723756117e-15
 由于 只有 窗户 里 透进来 的 些许 光亮 ,1.3404798685778176e-15
 他 看到 的 东西 并不 真切 ,1.9662303498345943e-09
 很 可能 只是 光影 变化 导致 的 幻影 ,2.502925328677675e-15
 但 在 当时 ,1.2253986236486567e-05
 他 觉得 自己 看见 了 一个 非常 巨大 的 黑影 突然 从 下方 的 楼梯口 前 挪 了 过去 ,1.5728295818507353e-36
 那个 黑影 比 人 要 大得多 ,5.3921331815878794e-12
 但 却 没有 明显 可以 分辨 的 特征 ,7.737336063585442e-17
 就 像是 一团 没有 确定 形状 的 影子 ,8.224897787691268e-16
 而 那些 细碎 的 人声 似乎 也是 由 那个 影子 发出 来 的 — — 这 让 劳 铭 昌 愈发 怀疑 整件事 情 只是 一种 错觉 — — 但 在 当时 ,5.429427684168547e-52
 他 被 恐惧 完全 摄 住 了 ,4.319677065744069e-14
 呆立 在 楼梯口 的 一侧 ,5.5993379721512446e-09
 无法 尖叫 ,0.006008583690987124
 甚至 连 呼吸 都 停止 了 ,5.526767032011853e-10
 楼下 的 声音 又 持续 了 一小 会儿 ,1.1570679482621456e-14
 然后 渐渐 地 远去 消失 了 ,3.8573700307915973e-08
 大约 十分钟 后 ,0.03161290322580645
 他 终于 能 恢复 了 活动 ,6.698138157586805e-14
 并且 立刻 回到 了 卧室 里 ,4.0272068870749576e-10
 锁上 了 房门 ,5.206341110969442e-05
 在 床上 一直 坐 到 了 天亮 ,1.6611432843121796e-14
 第二天 完全 天亮 后 ,0.00043981407276807175
 他 小心翼翼 地下 了 楼 ,1.1286274411184161e-10
 仔细 地 坚持 了 屋子 的 所有 门窗 以及 那扇 通往 地下 通道 的 活 板门 ,3.198773530647742e-30
 可 所有 出入口 都 是 锁 好 的 ,8.973785057244049e-13
 没有 破坏 的 痕迹 ,3.47058183914589e-08
 房间 里 也 看不到 其他人 活动 的 迹象 ,2.8154922536810808e-14
 唯一 勉强 能够 证明 前一天 晚上 经历 的 只有 那种 浓烈 得 让 人 窒息 的 恶臭 ,1.7301121313207598e-33
 为此 他 甚至 不得不 打开 窗户 进行 彻底 的 通风 ,7.048973400001288e-20
 在 完成 了 所 有的 检查 后 ,1.1674126535182383e-14
 他 立刻 收拾 了 日用 的 物品 ,7.774295859756776e-15
 搬 去 了 青岛 海洋 大学 附近 的 一间 旅馆 ,5.514205706524727e-19
 他 在 那天 的 日记 里 说 ,7.228389515656877e-16
 他 准备 尽快 离开 青岛 ,2.5522428167691163e-10
 不再 关注 与 老 宅 或 自己 祖先 有关 的 任何事物 ,3.804099121445149e-23
 但 这一 计划 显然 没有 得到 实施 ,7.736793075102958e-14
 随后 几天 的 日记 都 是 非常 简单 的 寥寥 几 笔 — — 在 那段 时 间里 ,6.260469706841102e-35
 他 白天 去 老 宅 里 清点 准备 带走 的 物件 ,4.213281901902443e-21
 夜晚 则 回到 旅馆 里 入睡 ,2.3262721382062814e-10
 他 也 会 在 日记 里 谈论 晚上 的 梦境 ,4.9233494864887675e-20
 但 全都 是 些 毫无 逻辑 的 话语 ,3.0939540525401903e-16
 例如 他 在 8 月 6 号 的 日记 里 声称 自己 梦见 了 劳 家 所 有的 列 祖 列 宗 ,9.812951678542878e-40
 梦见 他们 站 在 一起 召唤 他 过去 ,1.1310210426509199e-14
 然后 他 又 梦见 列 祖 列 宗 全都 融合 在 了 一起 ,1.1496916354058042e-20
 变成 了 一个 拥有 着 无数 头颅 与 手臂 的 丑恶 怪物 ,8.74594882907965e-24
 仿佛 希腊 神话 里 丑恶 的 百 臂 巨人 ,6.112656166084275e-16
 在 9 号 的 日记 里 ,1.3579325736231531e-12
 劳 铭 昌 突然 又 神神 叨叨 地 谈到 了 老 宅 对 自己 产生 了 某种 影响 ,4.523735067028545e-27
 每当 他 想要 离开 青岛 ,1.6304215276388357e-08
 就会 很快 因为 一些 不起眼 的 琐事 而 打消 离开 的 念头 ,1.17002632635025e-22
 他 越来越 强烈 地 想要 搬 回 老 宅 去 ,1.2058619171499333e-18
 甚至 即便 他 不 准备 去 老 宅 里 清点 物件 ,2.028278707612268e-20
 也 会 不由自主 地向 老 宅 走 去 ,4.618707480350033e-11
 某种 恐怖 的 直觉 告诉 他 ,7.253884297977432e-10
 事情 不会 这样 简单 的 结束 ,6.458980406997793e-13
 魔法 也好 ,0.0875
 宿 命 也罢 ,0.008596491228070173
 他 开始 确信 老 宅 里 还有 某些 未 被 发掘 的 秘密 在 等待 着 他 ,6.162767131239288e-34
 8 月 11 日 那晚 ,8.829478174530206e-07
 他 鬼使神差 地 在 旅馆 结了 帐 ,5.993664550473559e-11
 又 带 着 行李 回到 了 老 宅 里 ,8.275077127995124e-15
 他 在 日记 里 这样 记 叙说 ： ,1.130777638598204e-14
 “ 夜里 两点 的 时候 ,1.713813107248416e-08
 又 听见 楼下 有人 活动 的 声音 ,4.375685531469688e-12
 不敢 去 开门 ,0.00010090090090090086
 但 声音 没有 就此 离开 ,7.611500879554734e-10
 我 觉得 他们 爬 上来 了 ,1.4827511933539572e-10
 我 还 听见 有人 在 叫 我 的 名字 ,2.292771199654593e-18
 很多 人 ,0.061403508771929814
 我 从来 没 听过 那些 人 的 声音 ,1.810465996550167e-13
 但 却 明白 地 知道 他们 就是 我 的 祖先 ,6.910202553515062e-22
 我 还 听见 了 劳 格 林 的 声音 ,1.677886630369585e-17
 我 不知 道 我 是 怎么 知道 的 ,4.535659996373926e-14
 但 我 就 知道 那 是 他 的 声音 ,6.130119952559932e-16
 他 在 叫 我 ,8.257948649249083e-08
 让 我 跟 他 一起 去 海里 的 灵 山 ,7.255841290849865e-20
 这 已经 是 日记 里 能 勉强 分辨 出 的 最后 一部分 内容 了 ,1.6926561345618823e-29
 在 那 后面 还有 一些 更加 颤抖 ,2.239760256698277e-14
 很难 称之为 文字 的 段落 ,9.716081509992369e-09
 但 那 部分 内容 又 被 重重地 涂 掉 了 ,4.754983694496058e-18
 不能 辨认 ,0.014285714285714284
 不过 有 几个 邻居 的 回忆 ,1.546673494026724e-12
 他们 在 12 日 那天 还 曾 见过 劳 铭 昌 ,1.8608050922983556e-18
 他 的 神情 有些 恍惚 ,4.168224973479679e-09
 没头没脑 地说 着 一些 “ 自己 不能 离开 房子 ” “ 有人 在 等 他 回去 ” 的 古怪 话语 ,2.286745739767746e-43
 这 也是 14 日 居委会 的 工作人员 发现 劳 铭 昌 尸体 前 ,7.059366848298597e-18
 人们 最后 一次 看到 他 ,3.3196066268566706e-09
 在 12 日到 13 日 的 那个 晚上 ,5.0928526131477375e-14
 有 几个 住 得 比较 近 的 居民 隐约 听到 老 宅 里 传出 了 一些 非常 奇怪 的 哨音 ,1.4785445287079218e-42
 但是 由于 那些 声音 的 持续 时间 并不 长 ,3.637680896714147e-17
 而且 也 没有 惊动 太 多 的 居民 ,3.5870603941864894e-13
 因此 并 没有 得到 人们 的 重视 ,1.0961303574756468e-13
 一直 等到 尸体 被 发现 ,1.0317909946405023e-07
 警方 开始 调查 工作 后 ,2.2198280510189617e-10
 人们 才 重新 想起 了 那种 古怪 的 哨音 ,1.707859390507618e-19
 根据 其中 一位 居民 的 回忆 ,2.8426791725774393e-12
 那 是 一个 很难 用 语言 描述 的 声音 ,1.1248113161565756e-16
 因为 它 听 起来 就 像是 尖锐 的 呼啸 ,1.0189448440637435e-17
 或者 长笛 般 管乐 与 哨子 吹奏 出 的 奇怪 旋律 ,1.888903528647656e-15
 但 同时 又 包含 了 一些 勉强 可辨 的 发音 ,1.1572835378212468e-19
 但 它们 实在 太过 奇怪 ,2.8587636064271574e-08
 很难 用 我们 所 知道 的 声音 来 进行 类比 ,1.2361528603150953e-20
 虽然 我 也 希望 自己 能够 清楚 明白 地 告诉 读者 劳 铭 昌 的 结局 ,1.2656267778775158e-29
 但 他 身 前 留下 的 文字 以及 邻居们 的 问询 笔录 并不 足以 清晰 完整 地 推断出 发生 在 劳 铭 昌 身上 的 事情 ,8.540440420785616e-42
 它们 给予 了 我们 一个 大概 的 轮廓 ,4.956315686365414e-19
 同时 也 留下 了 充足 的 想象 空间 ,1.6282903655780305e-16
 至于 剩下 的 空缺 ,1.5323648552902252e-07
 我 必须 再 提到 另 一件 在 劳 铭 昌 死亡 半年 后 发生 的 事情 ,5.755524018058023e-29
 因为 只有 它 才能 让 我们 得以 一 窥 那个 阴郁 不祥 同时 也 神秘莫测 的 结局 ,1.0569095875607546e-32
 我 之前 已经 说 过 ,1.1067626128671367e-10
 所 有的 文件 都 被 送到 了 山东省 文物 考古 院 ,2.0197675240223982e-19
 并 被 相关 的 工作人员 悉 数 整理 了 出来 ,1.0840775269448873e-17
 这些 内容 自然 也 在 一个 圈子 里 得到 了 公开 ,3.1526691893063974e-22
 许多 人 都 曾 阅读 过 劳 铭 昌 留下 的 那些 文件 或是 事件 的 概括 叙述 ,7.572553195026082e-32
 而 他们 的 看法 也 五花八门 ,1.0001606980345343e-12
 比较 主流 的 看法 相信 劳 铭 昌 似乎 招惹 到 了 某个 秘密 团体 的 敌意 ,1.9360956987982406e-28
 并且 最终 让 他 送 了 命 ,1.876177507201944e-15
 同时 绝大多数 人 都 相信 日记 最后 的 离奇 内容 只是 劳 铭 昌 在 精神 持续 紧绷 的 情况 下 产生 的 错觉 而已 — — 当然 那个 秘密 团体 或许 也 装 神 弄 鬼 地 起到 了 推波助澜 的 作用 ,6.669836195969452e-82
 2014 年 2 月份 的 时候 ,1.128437573540297e-07
 几个 山东省 文物 考古 院 的 研究员 回到 了 劳 铭 昌 的 故居 ,1.4653766510911144e-24
 并 进入 位于 地下 的 劳 家 祠堂 做 了 详细 的 考察 ,2.5170549738685808e-26
 于 此 同时 ,1.6060429572368998e-05
 文物 考古 院 也 将 事情 通报 给 了 青岛 市 公安局 ,3.112835217994554e-22
 总局 对于 这一 情况 表现 出 了 高度 的 重视 ,1.6773010395838937e-18
 并且 针对 日记 里 提到 的 那一 团体 进行 了 多次 侦查 摸底 ,7.834811312791067e-24
 3 月 下旬 ,0.000639686684073107
 在 明确 了 团体 的 成员 组成 后 ,1.6598868998632394e-18
 公安局 调集 警 力 展开 了 突然 的 搜捕 行动 ,2.373105937580247e-16
 行动 的 过程 没有 太 多 可以 叙述 的 地方 ,1.7399705135479614e-20
 我 所 知道 的 是 ,4.4629996516669136e-09
 搜捕 人员 只 抓捕 住 了 几个 团体 的 外围 成员 ,4.528171571082065e-19
 大多数 核心 骨干 早 在 搜捕 人员 到来 前 就 通过 聚会 地 的 一条 暗 道 ,4.734505378484794e-33
 躲进 了 青岛 市 的 下水道 系统 里 ,1.3474840301046398e-14
 由于 那 一带 新旧 下水道 管线 相互 交叉 ,3.02808953337683e-09
 情况 非常复杂 ,0.00202020202020202
 而 参加 行动 的 人数 又 不够 展开 系统 的 搜索 ,1.5038576377073422e-25
 因此 前线 指挥 临时 决定 安排 两人 一组 ,6.039909482964248e-14
 分 十个 小组 ,0.005505617977528089
 在 支援 到来 前 先 进入 下水道 查 探 情况 ,1.1493107707452241e-17
 指挥 要求 各 小组 以及 小组 与 地面 间 保持 无线电 联系 ,2.7007836139237872e-24
 并且 强调 了 行动 的 危险性 ,3.921132422660283e-14
 警告 队员 不要 贸然 接近 ,5.835991857320814e-06
 但 实际上 ,0.0035353535353535356
 在 这 十 支 队伍 里 只有 由 尹 舟 与 马 小 武 组成 的 小组 真正 遇到 了 一些 事情 ,3.1121754536179558e-46
 其他 几个 小组 完全 徒劳无功 ,3.0503403128989363e-09
 但 那 两人 的 叙述 也 始终 都 没有 写入 官方 的 报告 里 ,3.962768641710301e-30
 在 这 二 人中 ,1.1245615986025111e-08
 我 只 与 尹 舟 有过 深入 的 交谈 ,4.499847454147328e-17
 而 小组 的 另 一位 成员 马 小 武 却 始终 拒绝 谈论 那天 发生 的 任何 事情 ,6.630029146024745e-36
 根据 尹 舟 的 叙述 ,3.212367498469284e-09
 他们 两人 那天 被 分配 去 搜索 一条 向 南 的 下水道 ,9.910680032549307e-26
 两人 走 了 大约 十分钟 的 时间 ,8.805654189226957e-11
 渐渐 地 发觉 下水道 污浊 的 空气 里 多 了 一种 非常 古怪 的 臭味 ,1.621784514773062e-28
 但 在 当时 他们 也 没有 多加 留意 ,7.153524131278183e-15
 黑暗 幽 闭 的 管道 给 了 他们 一种 奇怪 的 错觉 ,4.8208362684951406e-24
 就 好象 自己 正在 与 那个 熟悉 的 有着 光线 的 世界 越 行 越远 ,1.2314170309042824e-33
 深入 了 某个 埋藏 着 无穷 秘密 的 异界 ,3.306339089112486e-18
 在 路过 一条 管道 时 ,1.4396579166525001e-08
 马 小 武 听到 了 一些 非常 细微 的 人声 ,2.4033116884963114e-20
 于是 两人 做 了 个 汇报 ,3.7022821634057396e-11
 然后 顺着 声音 摸 了 过去 ,2.2291058398525714e-10
 那 是 一条 非常 古老 ,3.517117505277784e-09
 可能 已经 停止 使用 的 管线 ,3.413952149675458e-13
 地面 上 没有 积水 ,1.7722884441502406e-07
 只是 有些 潮湿 ,2.8594771241830055e-05
 空气 虽然 弥漫着 下水道 里 混杂 的 恶心 气味 ,3.2982420358209925e-14
 但 那种 之前 就 察觉到 的 古怪 臭味 却 也 明显 的 加强 了 ,7.115800462290397e-29
 似乎 也 包含 着 不祥 的 韵 意 ,2.6613216722714715e-15
 手电筒 的 光线 照亮 了 一具 倒 在 下水道 岔口 边 的 尸体 ,2.193865263353393e-21
 死者 是 一个 秘密 团体 成员 ,1.848211442642848e-10
 他们 两个 都 在 搜捕 行动 开始 前 发放 的 备忘录 里 见过 那人 的 照片 ,5.728137485178406e-33
 他 就 坐在 肮脏 的 潮湿 地 面上 ,3.095763875989731e-16
 背靠 通道 的 墙壁 ,8.495708168607986e-06
 歪 着 头 ,0.0003016157989228006
 面孔 透着 一种 奇怪 的 青 黑色 ,1.351048763473947e-10
 就 好象 死亡 很久 已经 开始 腐烂 的 颜色 ,9.174697594252763e-16
 然而 就 当 尹 舟 用 无线电 进行 了 汇报 ,2.524251735604173e-18
 靠 上去 想要 细细 查看 时 ,9.748558943432421e-08
 那 尸体 却 发生 了 某种 不可名状 的 异变 ,6.854770012732871e-19
 他们 看见 尸体 的 血肉 仿佛 突然 从 固体 变成 了 粘稠 的 流体 ,6.419739978806326e-29
 那些 尸体 脸上 ,5.8347225529888075e-05
 手上 还有 其他 裸露出 来 的 肌肤 像是 熔化 了 蜡 像 一样 流淌 了 下来 ,2.0286965388412717e-27
 逐渐 暴露 出 了 其中 的 骨头 ,1.5589330335795011e-13
 然后 尸体 的 衣服 也 整个 塌陷 了 下去 ,2.2137921714894636e-18
 某种 好像 黏液 般的 东西 从 内部 浸润 了 死者 的 衣物 ,4.018728016799835e-24
 同时 从 衣服 开口 的 地方 缓缓 地 流淌 出来 ,2.715543368348232e-20
 他们 以为 那 是 血液 ,9.260419810486369e-11
 但 随即 又 否定 了 这种 想法 ,2.450749071491021e-14
 因为 那些 黏液 在 手电筒 光线 里 闪烁着 一种 油腻 般的 黑亮 ,6.604300404198041e-21
 那 不 像是 液体 ,3.945080542710684e-08
 更 像是 流动 的 焦油 或 黏 质 ,1.4749469020995538e-13
 他们 看到 更加 匪夷所思 的 事情 ,7.303875676447105e-12
 在 手电筒 的 光亮 下 ,1.0369144392872672e-10
 那些 黏 质 逐渐 在 死者 的 身边 汇聚 成 了 一 洼 ,9.419273158472472e-24
 然后 像是 活 过来 一样 ,1.1716754082387225e-08
 伸缩 蠕动 着 往 岔道 的 更 深处 爬 了 过去 ,1.0595885285351725e-19
 尹 舟 已经 很难 回忆起 当时 的 想法 了 ,7.203426234196498e-13
 他 觉得 自己 就 像是 着 了 魔 ,2.293237015570578e-18
 脑子 一片 空 白地 让 手电筒 的 光亮 跟着 那 蠕动 的 黏 质 向 岔道 更 深处 照射 了 过去 ,4.521564281304567e-36
 手电筒 的 光亮 揭露出 了 更 多 的 尸体 ,1.2873887363623608e-15
 它们 以 各种各样 的 姿态 躺 卧 或者 靠 坐在 下水道 的 地 面上 ,1.4412837278557627e-26
 全都 在 慢慢 融化 ,2.4878639065104744e-07
 裸露出 阴森 的 骨头 ,1.8101059853115792e-05
 而 在 下水道 的 地 面上 同样 也 还有 更 多 的 黑亮 黏 质 ,1.0596659781867977e-27
 它们 像是 某种 离奇 怪诞 的 行军 队伍 ,2.8126184583813805e-13
 一 伸 一 缩 地 朝着 岔道 的 更 深处 蠕动 了 过去 ,3.867219896178572e-26
 而 当 这个 可怖 的 ,7.637696426991986e-09
 无法 醒来 的 噩梦 达到 最 顶峰 时 ,2.302203359776823e-15
 手电筒 完完全全 照射 进 下 那条 水道 ,5.326299389283537e-09
 他们 看到 的 一个 东西 ,6.91170348815909e-11
 那 是 一堆 黝黑 发亮 的 形体 ,4.0924325104924104e-12
 它 堆 在 远处 邪恶 的 黑暗 里 ,1.2793277173114929e-15
 大得 无法 想象 ,0.02944206008583691
 几乎 堵 满 了 足 有十 尺高 的 下水道 ,1.4346854736550426e-14
 就 像是 从 别处 冲 来 的 黑色 淤泥 ,1.5743632933667647e-16
 但 却 不是 静止 的 ,1.672680234256045e-07
 那 粘滑 发亮 的 表面 在 手电筒 的 光线 中 不断 地 翻滚 涌动 ,5.073679751430566e-28
 短暂 地 变化 出 各种各样 的 形状 与 结构 ,6.621598692553361e-19
 他们 看到 无数 比例 怪诞 的 黑亮 手臂 ,5.851928152287444e-15
 爪子 或 触手 之类 的 肢体 从 那堆 形体 中 伸展 又 吞没 ； 无数 如同 嘴 一 般的 裂缝 张开 又 合拢 ； 无数 绿色 的 眼睛 随着 不断 流动 的 表面 形成 又 分解 ,4.325110656784197e-68
 但 那 并不 仅仅只是 对 自然 造物 的 丑恶 模仿 ,1.9368707818013906e-17
 在 那些 诡异 器官 形成 到 消失 的 短暂 瞬间 里 ,2.700191675741867e-23
 所 有的 手臂 ,0.0002611365347853791
 爪子 与 触手 都 在 污浊 空气 中 扭曲 抽搐 着 ,2.6434555954369423e-19
 试图 抓 握住 周边 的 任何 东西 ； 所有 如同 嘴 一 般的 裂缝 都 尖叫 着 没 来得及 表达 真正 意义 的 破碎 词句 ,2.5978420207644137e-48
 混杂 成 一片 让 人 无法 分辨 的 噪音 ； 所有 游 移 的 眼睛 全都 转动 着 ,1.9949241384171736e-33
 一同 望 向 了 光亮 来源 的 方向 ,1.5553844290780086e-15
 看着 他们 ,0.020588235294117647
 在 喋喋不休 的 呓语 里 ,2.488594654289441e-10
 那个 只 应该 出现 在 噩梦 里 的 形体 开始 像是 烧 热 的 焦油 一样 滚动 着 向 他们 涌 了 过来 ,9.632403930223839e-48
 同时 膨胀 抽搐 着 发出 了 一个 完全 压 盖 住 其他 呓语 的 尖啸 ,1.0179234360280802e-29
 那 是 一种 短促 的 ,3.103524563984364e-07
 像是 空气 涌过 某种 管道 时 发出 的 嘹亮 声音 ,5.986937723900456e-16
 如同 高亢 的 哨音 或者 笛声 般 重复 着 ： ,1.1991497276563799e-15
 “ Tekeli - li ,5.243006872084007e-07
 Tekeli - li ! ,0.004953068592057761
 Tekeli - li ! ” ,0.00021669675090252703
 这个 声音 触动 了 他们 求生 的 本能 ,8.273992868380862e-17
 两 个人 抛 下 了 电筒 ,6.485151420959909e-12
 开始 发疯 一般 连滚带爬 地向 后 跑 去 ,1.8019745444759352e-11
 他们 已经 完全 不 记得 自己 当时 的 想法 或 行为 了 ,1.6556764233101233e-25
 就 好象 那一刻 他们 的 脑子 已经 完全 空白 了 ,7.288661643011375e-17
 在 那 恐怖 声音 回荡 着 消散 在 通道 里 的 时候 ,7.982095596393629e-24
 他们 听到 了 其他 声音 ,7.859733285389004e-11
 那 仍然 是 那种 短促 的 哨音 ,9.087471143022935e-15
 但 却 绝对 不是 身后 那个 留在 通道 里 的 可怕 怪物 发出 来 的 ,5.417770028726928e-26
 那些 声音 应该 来自 这个 管道 迷宫 的 深处 ,4.625297601801095e-19
 一些 更加 遥远 的 地方 ,8.376239657498276e-09
 经过 水泥 壁上 的 不断 回荡 已经 变得 有些 衰弱 了 ,9.424515745615966e-19
 但 却 仍然 清晰 可辨 ,2.3106093326059482e-08
 它们 同样 重复 着 ,4.235863645532172e-06
 此起彼伏 ,1
 如同 是 在 回应 先前 那阵 令人 胆寒 的 声音 一般 ,3.5342027656286525e-18
 “ Tekeli - li ,5.243006872084007e-07
 Tekeli - li ! ” ,0.00021669675090252703
 第二批 队员 在 一条 已经 废弃 的 偏僻 干涸 下水道 的 黑暗 里 找到 了 他们 两个 人 ,1.1630889726307765e-32
 他们 的 精神 都 非常 恍惚 ,5.49173419412048e-12
 哆嗦 着 几乎 说不出 连贯 话 来 ,3.831190955753845e-09
 又 有 其他人 发现 了 两人 提到 的 那些 尸体 — — 和 劳 铭 昌 被 发现 时 一样 ,3.265721742149361e-38
 所 有的 尸体 都 腐烂 成 了 一滩 黑色 的 黏液 ,2.0119674780649753e-20
 只能 依照 骨头 勉强 地 看出 个 人形 来 ,1.2031390784501534e-15
 通过 相关 的 法医 鉴定 ,3.949732511590103e-09
 死者 均 是 那次 搜捕 行动 的 目标 ,1.2388766017846734e-12
 但 直到现在 依旧 没有 确切 的 理论 能够 解释 那些 尸体 为何 会 腐烂 得 如此 迅速 ,3.1775345448456804e-32
 也 没有 任何迹象 表明 下水道 里 曾经 存在 有 尹 舟 与 马 小 武 词不达意 地 描述 过 的 可怕 怪物 与会 动 的 黑色 黏液 ,6.549482475125805e-50
 大多数 人 都 认为 那 只是 他们 吸 入 了 太 多有 毒 的 下水道 空气 ,3.563325614076794e-30
 然后 在 目睹 了 大量 腐烂 尸体 的 时候 ,3.003786910242905e-16
 因为 极度 精神 紧张 产生 了 幻觉 而已 ,1.0168972582175672e-14
 马 小 武 在 被 送入 医院 疗养 了 三个 月 后 就 辞职 回 了 老家 ,5.843842735344334e-35
 尹 舟 如今 仍然 还 留在 青岛 ,1.0889788131701708e-10
 但 也 申请 调离 了 一线 ,2.3216321363696472e-11
 做 了 份 闲职 ,7.529678843830616e-08
 居住 在 劳 家 老 宅 附近 的 居民 对于 发生 在 劳 铭 昌 身上 事情 以及 老 宅 本身 有着 许多 独特 的 看法 ,4.7630231237698045e-46
 但 那些 故事 都 太过 古怪 ,1.6187641211634083e-12
 太过 疯狂 还是 不要 在 这里 提起 为 好 ,1.8340486664498248e-16
 在 劳 铭 昌 死后 ,5.305139422864464e-06
 许多 居民 都 搬家 去 了 别的 地方 ,2.7057012924483315e-15
 如今 只有 两 三 户 人家 还 住 在 那里 ,3.45282930989512e-20
 或许 有人 会 嘲笑 他们 大惊小怪 ,3.2573096569022546e-11
 但 他们 的 恐惧 也许 并非 全 无 道理 ,2.1988304292404674e-17
 早 在 几个 月 前 ,2.1222381405051744e-07
 我 去 江苏 路 派出所 查阅 卷宗 的 时候 ,2.819573808182787e-15
 就 听到 两个 年轻 的 民警 在 谈论 一件 非常 古怪 的 事情 ,5.543985946700494e-25
 他们 告诉 我 ,0.00016943521594684383
 前一天 的 傍晚 时分 ,2.2854873551913872e-07
 他俩 在 登州 路上 巡逻 时 曾 听见 一个 窨 井 下方 传出 了 微弱 而 又 离奇 的 声音 ,1.193786714137568e-34
 他们 在 井 盖 边 侧耳 听 了 一会 ,1.1284483330264782e-15
 觉得 那 就 像是 气流 断断续续 穿过 狭窄 管道 时 传出 来 的 尖锐 呼啸 或 哨音 ,6.800274587280435e-27
 但 又 不 完全相同 ,3.040040007990076e-08
 因为 那 声音 如同 音乐 般 按着 一种 奇怪 的 旋律 断断续续 地 重复 着 ： ,3.0760211398827563e-26
 “ Tekeli - li ,5.243006872084007e-07
 Tekeli - li ” ,0.004953068592057761
 后面 的话 ： ,0.0005296343001261033
 这个 故事 的 基础 其实 是 《 巴 虺 的 牧群 》 最早 的 点子 （ 当然 我 又 在 原型 上 加 了 许多 的 东西 ） ,2.938442866401686e-61
 所以 我 一直 很 纠结 是否 要 把 它 写 出来 ,2.332160129310857e-19
 导致 整个 过程 都 很 拖延 ,7.078150569400771e-12
 另外 我 对 青岛 有着 很深 的 感情 ,2.3188348331059905e-15
 所以 我 并 不是 要 黑 青岛 ,2.3139025720222467e-13
 必须 得 对 青岛 市 文物 保护 考古 研究所 说 一声 抱歉 ,2.2134131267917604e-24
 This   post   has   been   edited   by   oobmab :   2016 - 04 - 10,9.67800634601351e-09
